session_id,step_number,candidate_item_id,retrieval_score,src_cooc,src_ctx,src_rule,label_addon_added,hour_of_day,is_weekend,user_id,cart_item_count,cart_total_value,cart_has_main,cart_has_beverage,cart_has_dessert,cart_has_side,missing_beverage_flag,missing_dessert_flag,missing_side_flag,restaurant_id,price,popularity_score,historical_attach_rate,dish_subtype,order_count_90d,recency_days,avg_order_value,veg_preference_ratio,dessert_affinity_score,beverage_affinity_score,price_sensitivity_score,city,city_rest,aggregate_rating,is_chain,order_volume_30d,overall_attach_rate,meal_time_specificity,meal_time_overlap,step_decay,x_missing_bev_aff,x_missing_des_aff,x_price_sens_price,x_cart_value_price,retrieval_x_attach,retrieval_x_popularity,missing_bev_x_retrieval,missing_des_x_retrieval,last_item_category_beverage,last_item_category_dessert,last_item_category_main,last_item_category_side,effective_category_beverage,effective_category_dessert,effective_category_main,effective_category_side,user_segment_budget,user_segment_frequent_high_value,user_segment_premium,user_segment_regular,cuisine_type_Chinese,cuisine_type_Continental,cuisine_type_Fast Food,cuisine_type_Hyderabadi,cuisine_type_Mughlai,cuisine_type_North Indian,cuisine_type_South Indian,cuisine_type_Street Food,price_bucket_high,price_bucket_low,price_bucket_medium,price_bucket_premium,x_cand_bev_aff,x_cand_des_aff
1,1,512,0.104545,0,1,1,0,1,0,8,1,119.0,1,0,0.0,0.0,1.0,1.0,1.0,18.0,63.0,0.8068,0.211,other,16.0,90.0,476.38,0.528,0.556,0.619,0.274,Hyderabad,Hyderabad,3.7,0.0,1481.0,0.31,0.0,0.0,1.0,0.619,0.556,17.262,7497.0,0.0220589949999999,0.084346906,0.104545,0.104545,False,False,True,False,False,False,False,True,False,False,True,False,False,False,False,False,False,False,True,False,False,False,True,False,0.0,0.0
1,1,513,0.248485,1,1,1,0,1,0,8,1,119.0,1,0,0.0,0.0,1.0,1.0,1.0,18.0,85.0,0.3877,0.314,other,16.0,90.0,476.38,0.528,0.556,0.619,0.274,Hyderabad,Hyderabad,3.7,0.0,1481.0,0.31,0.0,0.0,1.0,0.619,0.556,23.290000000000003,10115.0,0.07802429,0.0963376345,0.248485,0.248485,False,False,True,False,False,True,False,False,False,False,True,False,False,False,False,False,False,False,True,False,False,False,True,False,0.0,0.556
1,1,514,0.279545,1,1,1,0,1,0,8,1,119.0,1,0,0.0,0.0,1.0,1.0,1.0,18.0,77.0,0.6489,0.408,other,16.0,90.0,476.38,0.528,0.556,0.619,0.274,Hyderabad,Hyderabad,3.7,0.0,1481.0,0.31,0.0,0.0,1.0,0.619,0.556,21.098000000000003,9163.0,0.11405436,0.1813967505,0.279545,0.279545,False,False,True,False,False,True,False,False,False,False,True,False,False,False,False,False,False,False,True,False,False,False,True,False,0.0,0.556
1,1,515,0.256818,1,1,0,0,1,0,8,1,119.0,1,0,0.0,0.0,1.0,1.0,1.0,18.0,141.0,0.5296,0.061,other,16.0,90.0,476.38,0.528,0.556,0.619,0.274,Hyderabad,Hyderabad,3.7,0.0,1481.0,0.31,0.0,0.0,1.0,0.619,0.556,38.634,16779.0,0.0156658979999999,0.1360108128,0.256818,0.256818,False,False,True,False,False,False,True,False,False,False,True,False,False,False,False,False,False,False,True,False,False,False,True,False,0.0,0.0
1,1,516,0.109091,0,1,0,0,1,0,8,1,119.0,1,0,0.0,0.0,1.0,1.0,1.0,18.0,201.0,0.6489,0.098,other,16.0,90.0,476.38,0.528,0.556,0.619,0.274,Hyderabad,Hyderabad,3.7,0.0,1481.0,0.31,0.0,0.0,1.0,0.619,0.556,55.074000000000005,23919.0,0.010690918,0.0707891499,0.109091,0.109091,False,False,True,False,False,False,True,False,False,False,True,False,False,False,False,False,False,False,True,False,False,False,True,False,0.0,0.0
1,1,517,0.968182,1,1,1,0,1,0,8,1,119.0,1,0,0.0,0.0,1.0,1.0,1.0,18.0,37.0,1.0,0.535,other,16.0,90.0,476.38,0.528,0.556,0.619,0.274,Hyderabad,Hyderabad,3.7,0.0,1481.0,0.31,0.25,1.0,1.0,0.619,0.556,10.138000000000002,4403.0,0.51797737,0.968182,0.968182,0.968182,False,False,True,False,True,False,False,False,False,False,True,False,False,False,False,False,False,False,True,False,False,False,True,False,0.619,0.0
1,1,518,0.475,1,1,0,0,1,0,8,1,119.0,1,0,0.0,0.0,1.0,1.0,1.0,18.0,117.0,1.0,0.209,dosa,16.0,90.0,476.38,0.528,0.556,0.619,0.274,Hyderabad,Hyderabad,3.7,0.0,1481.0,0.31,0.0,0.0,1.0,0.619,0.556,32.058,13923.0,0.0992749999999999,0.475,0.475,0.475,False,False,True,False,False,False,True,False,False,False,True,False,False,False,False,False,False,False,True,False,False,False,True,False,0.0,0.0
1,1,519,0.192045,1,1,1,0,1,0,8,1,119.0,1,0,0.0,0.0,1.0,1.0,1.0,18.0,65.0,1.0,0.295,chutney,16.0,90.0,476.38,0.528,0.556,0.619,0.274,Hyderabad,Hyderabad,3.7,0.0,1481.0,0.31,0.0,0.0,1.0,0.619,0.556,17.810000000000002,7735.0,0.0566532749999999,0.192045,0.192045,0.192045,False,False,True,False,False,False,False,True,False,False,True,False,False,False,False,False,False,False,True,False,False,False,True,False,0.0,0.0
1,1,521,0.077273,0,1,1,0,1,0,8,1,119.0,1,0,0.0,0.0,1.0,1.0,1.0,18.0,69.0,0.3574,0.243,other,16.0,90.0,476.38,0.528,0.556,0.619,0.274,Hyderabad,Hyderabad,3.7,0.0,1481.0,0.31,0.0,0.0,1.0,0.619,0.556,18.906,8211.0,0.0187773389999999,0.0276173701999999,0.077273,0.077273,False,False,True,False,False,False,False,True,False,False,True,False,False,False,False,False,False,False,True,False,False,False,True,False,0.0,0.0
1,1,522,0.393182,1,1,0,0,1,0,8,1,119.0,1,0,0.0,0.0,1.0,1.0,1.0,18.0,153.0,1.0,0.257,pongal,16.0,90.0,476.38,0.528,0.556,0.619,0.274,Hyderabad,Hyderabad,3.7,0.0,1481.0,0.31,0.0,0.0,1.0,0.619,0.556,41.922,18207.0,0.1010477739999999,0.393182,0.393182,0.393182,False,False,True,False,False,False,True,False,False,False,True,False,False,False,False,False,False,False,True,False,False,False,True,False,0.0,0.0
1,1,523,0.027273,0,1,0,0,1,0,8,1,119.0,1,0,0.0,0.0,1.0,1.0,1.0,18.0,127.0,0.2467,0.121,other,16.0,90.0,476.38,0.528,0.556,0.619,0.274,Hyderabad,Hyderabad,3.7,0.0,1481.0,0.31,0.0,0.0,1.0,0.619,0.556,34.798,15113.0,0.0033000329999999,0.0067282491,0.027273,0.027273,False,False,True,False,False,False,True,False,False,False,True,False,False,False,False,False,False,False,True,False,False,False,True,False,0.0,0.0
1,1,524,0.450758,1,1,1,0,1,0,8,1,119.0,1,0,0.0,0.0,1.0,1.0,1.0,18.0,91.0,0.8068,0.354,other,16.0,90.0,476.38,0.528,0.556,0.619,0.274,Hyderabad,Hyderabad,3.7,0.0,1481.0,0.31,0.0,0.0,1.0,0.619,0.556,24.934,10829.0,0.1595683319999999,0.3636715544,0.450758,0.450758,False,False,True,False,False,True,False,False,False,False,True,False,False,False,False,False,False,False,True,False,False,False,True,False,0.0,0.556
1,1,525,0.077273,0,1,1,0,1,0,8,1,119.0,1,0,0.0,0.0,1.0,1.0,1.0,18.0,83.0,0.6065,0.336,other,16.0,90.0,476.38,0.528,0.556,0.619,0.274,Hyderabad,Hyderabad,3.7,0.0,1481.0,0.31,0.0,0.0,1.0,0.619,0.556,22.742,9877.0,0.025963728,0.0468660745,0.077273,0.077273,False,False,True,False,False,True,False,False,False,False,True,False,False,False,False,False,False,False,True,False,False,False,True,False,0.0,0.556
1,1,526,0.968182,1,1,1,1,1,0,8,1,119.0,1,0,0.0,0.0,1.0,1.0,1.0,18.0,72.0,1.0,0.563,other,16.0,90.0,476.38,0.528,0.556,0.619,0.274,Hyderabad,Hyderabad,3.7,0.0,1481.0,0.31,0.25,1.0,1.0,0.619,0.556,19.728,8568.0,0.545086466,0.968182,0.968182,0.968182,False,False,True,False,True,False,False,False,False,False,True,False,False,False,False,False,False,False,True,False,False,False,True,False,0.619,0.0
1,1,527,0.338485,1,1,0,0,1,0,8,1,119.0,1,0,0.0,0.0,1.0,1.0,1.0,18.0,192.0,0.3672,0.087,other,16.0,90.0,476.38,0.528,0.556,0.619,0.274,Hyderabad,Hyderabad,3.7,0.0,1481.0,0.31,0.0,0.0,1.0,0.619,0.556,52.608,22848.0,0.0294481949999999,0.124291692,0.338485,0.338485,False,False,True,False,False,False,True,False,False,False,True,False,False,False,False,False,False,False,True,False,False,False,True,False,0.0,0.0
1,1,528,0.05,0,0,1,0,1,0,8,1,119.0,1,0,0.0,0.0,1.0,1.0,1.0,18.0,100.0,0.3908,0.311,other,16.0,90.0,476.38,0.528,0.556,0.619,0.274,Hyderabad,Hyderabad,3.7,0.0,1481.0,0.31,0.0,0.0,1.0,0.619,0.556,27.4,11900.0,0.01555,0.01954,0.05,0.05,False,False,True,False,False,True,False,False,False,False,True,False,False,False,False,False,False,False,True,False,False,False,True,False,0.0,0.556
1,1,529,0.34053,1,1,0,0,1,0,8,1,119.0,1,0,0.0,0.0,1.0,1.0,1.0,18.0,193.0,0.8068,0.13,other,16.0,90.0,476.38,0.528,0.556,0.619,0.274,Hyderabad,Hyderabad,3.7,0.0,1481.0,0.31,0.0,0.0,1.0,0.619,0.556,52.882000000000005,22967.0,0.0442689,0.2747396039999999,0.34053,0.34053,False,False,True,False,False,False,True,False,False,False,True,False,False,False,False,False,False,False,True,False,False,False,True,False,0.0,0.0
1,1,530,0.334848,1,1,0,0,1,0,8,1,119.0,1,0,0.0,0.0,1.0,1.0,1.0,18.0,158.0,1.0,0.193,pongal,16.0,90.0,476.38,0.528,0.556,0.619,0.274,Hyderabad,Hyderabad,3.7,0.0,1481.0,0.31,0.0,0.0,1.0,0.619,0.556,43.292,18802.0,0.064625664,0.334848,0.334848,0.334848,False,False,True,False,False,False,True,False,False,False,True,False,False,False,False,False,False,False,True,False,False,False,True,False,0.0,0.0
1,1,532,0.218182,0,1,0,0,1,0,8,1,119.0,1,0,0.0,0.0,1.0,1.0,1.0,18.0,122.0,0.8068,0.083,other,16.0,90.0,476.38,0.528,0.556,0.619,0.274,Hyderabad,Hyderabad,3.7,0.0,1481.0,0.31,0.0,0.0,1.0,0.619,0.556,33.428000000000004,14518.0,0.018109106,0.1760292375999999,0.218182,0.218182,False,False,True,False,False,False,True,False,False,False,True,False,False,False,False,False,False,False,True,False,False,False,True,False,0.0,0.0
1,1,533,0.027273,0,1,0,0,1,0,8,1,119.0,1,0,0.0,0.0,1.0,1.0,1.0,18.0,185.0,0.3556,0.088,other,16.0,90.0,476.38,0.528,0.556,0.619,0.274,Hyderabad,Hyderabad,3.7,0.0,1481.0,0.31,0.0,0.0,1.0,0.619,0.556,50.690000000000005,22015.0,0.0024000239999999,0.0096982788,0.027273,0.027273,False,False,True,False,False,False,True,False,False,False,True,False,False,False,False,False,False,False,True,False,False,False,True,False,0.0,0.0
1,1,534,0.131818,0,1,1,0,1,0,8,1,119.0,1,0,0.0,0.0,1.0,1.0,1.0,18.0,74.0,1.0,0.21,other,16.0,90.0,476.38,0.528,0.556,0.619,0.274,Hyderabad,Hyderabad,3.7,0.0,1481.0,0.31,0.0,0.0,1.0,0.619,0.556,20.276000000000003,8806.0,0.0276817799999999,0.131818,0.131818,0.131818,False,False,True,False,False,False,False,True,False,False,True,False,False,False,False,False,False,False,True,False,False,False,True,False,0.0,0.0
1,1,535,0.590909,1,1,1,0,1,0,8,1,119.0,1,0,0.0,0.0,1.0,1.0,1.0,18.0,39.0,0.4653,0.618,other,16.0,90.0,476.38,0.528,0.556,0.619,0.274,Hyderabad,Hyderabad,3.7,0.0,1481.0,0.31,0.0,0.0,1.0,0.619,0.556,10.686,4641.0,0.365181762,0.2749499577,0.590909,0.590909,False,False,True,False,True,False,False,False,False,False,True,False,False,False,False,False,False,False,True,False,False,False,True,False,0.619,0.0
1,1,536,0.272727,0,1,0,0,1,0,8,1,119.0,1,0,0.0,0.0,1.0,1.0,1.0,18.0,187.0,1.0,0.116,masala,16.0,90.0,476.38,0.528,0.556,0.619,0.274,Hyderabad,Hyderabad,3.7,0.0,1481.0,0.31,0.0,0.0,1.0,0.619,0.556,51.23800000000001,22253.0,0.031636332,0.272727,0.272727,0.272727,False,False,True,False,False,False,True,False,False,False,True,False,False,False,False,False,False,False,True,False,False,False,True,False,0.0,0.0
1,1,537,0.443182,1,1,1,0,1,0,8,1,119.0,1,0,0.0,0.0,1.0,1.0,1.0,18.0,48.0,0.8068,0.598,other,16.0,90.0,476.38,0.528,0.556,0.619,0.274,Hyderabad,Hyderabad,3.7,0.0,1481.0,0.31,0.0,0.0,1.0,0.619,0.556,13.152,5712.0,0.265022836,0.3575592376,0.443182,0.443182,False,False,True,False,True,False,False,False,False,False,True,False,False,False,False,False,False,False,True,False,False,False,True,False,0.619,0.0
1,1,538,0.077273,0,1,1,0,1,0,8,1,119.0,1,0,0.0,0.0,1.0,1.0,1.0,18.0,48.0,0.3161,0.245,other,16.0,90.0,476.38,0.528,0.556,0.619,0.274,Hyderabad,Hyderabad,3.7,0.0,1481.0,0.31,0.0,0.0,1.0,0.619,0.556,13.152,5712.0,0.018931885,0.0244259952999999,0.077273,0.077273,False,False,True,False,False,False,False,True,False,False,True,False,False,False,False,False,False,False,True,False,False,False,True,False,0.0,0.0
1,1,539,0.054545,0,1,0,0,1,0,8,1,119.0,1,0,0.0,0.0,1.0,1.0,1.0,18.0,131.0,0.8068,0.174,other,16.0,90.0,476.38,0.528,0.556,0.619,0.274,Hyderabad,Hyderabad,3.7,0.0,1481.0,0.31,0.0,0.0,1.0,0.619,0.556,35.894000000000005,15589.0,0.00949083,0.044006906,0.054545,0.054545,False,False,True,False,False,False,True,False,False,False,True,False,False,False,False,False,False,False,True,False,False,False,True,False,0.0,0.0
1,1,540,0.225758,1,1,0,0,1,0,8,1,119.0,1,0,0.0,0.0,1.0,1.0,1.0,18.0,197.0,0.8068,0.195,other,16.0,90.0,476.38,0.528,0.556,0.619,0.274,Hyderabad,Hyderabad,3.7,0.0,1481.0,0.31,0.0,0.0,1.0,0.619,0.556,53.978,23443.0,0.0440228099999999,0.1821415544,0.225758,0.225758,False,False,True,False,False,False,True,False,False,False,True,False,False,False,False,False,False,False,True,False,False,False,True,False,0.0,0.0
1,1,511,0.136364,0,1,0,0,1,0,8,1,119.0,1,0,0.0,0.0,1.0,1.0,1.0,18.0,207.0,0.5747,0.095,other,16.0,90.0,476.38,0.528,0.556,0.619,0.274,Hyderabad,Hyderabad,3.7,0.0,1481.0,0.31,0.0,0.0,1.0,0.619,0.556,56.718,24633.0,0.01295458,0.0783683908,0.136364,0.136364,False,False,True,False,False,False,True,False,False,False,True,False,False,False,False,False,False,False,True,False,False,False,True,False,0.0,0.0
1,2,512,0.104545,0,1,1,0,1,0,8,2,191.0,1,1,0.0,0.0,0.0,1.0,1.0,18.0,63.0,0.8068,0.211,other,16.0,90.0,476.38,0.528,0.556,0.619,0.274,Hyderabad,Hyderabad,3.7,0.0,1481.0,0.31,0.0,0.0,0.5,0.0,0.556,17.262,12033.0,0.0220589949999999,0.084346906,0.0,0.104545,True,False,False,False,False,False,False,True,False,False,True,False,False,False,False,False,False,False,True,False,False,False,True,False,0.0,0.0
1,2,513,0.831818,1,1,1,0,1,0,8,2,191.0,1,1,0.0,0.0,0.0,1.0,1.0,18.0,85.0,0.3877,0.314,other,16.0,90.0,476.38,0.528,0.556,0.619,0.274,Hyderabad,Hyderabad,3.7,0.0,1481.0,0.31,0.0,0.0,0.5,0.0,0.556,23.290000000000003,16235.0,0.261190852,0.3224958386,0.0,0.831818,True,False,False,False,False,True,False,False,False,False,True,False,False,False,False,False,False,False,True,False,False,False,True,False,0.0,0.556
1,2,514,0.249373,1,1,1,0,1,0,8,2,191.0,1,1,0.0,0.0,0.0,1.0,1.0,18.0,77.0,0.6489,0.408,other,16.0,90.0,476.38,0.528,0.556,0.619,0.274,Hyderabad,Hyderabad,3.7,0.0,1481.0,0.31,0.0,0.0,0.5,0.0,0.556,21.098000000000003,14707.0,0.101744184,0.1618181397,0.0,0.249373,True,False,False,False,False,True,False,False,False,False,True,False,False,False,False,False,False,False,True,False,False,False,True,False,0.0,0.556
1,2,515,0.226646,1,1,0,0,1,0,8,2,191.0,1,1,0.0,0.0,0.0,1.0,1.0,18.0,141.0,0.5296,0.061,other,16.0,90.0,476.38,0.528,0.556,0.619,0.274,Hyderabad,Hyderabad,3.7,0.0,1481.0,0.31,0.0,0.0,0.5,0.0,0.556,38.634,26931.0,0.0138254059999999,0.1200317215999999,0.0,0.226646,True,False,False,False,False,False,True,False,False,False,True,False,False,False,False,False,False,False,True,False,False,False,True,False,0.0,0.0
1,2,516,0.181505,1,1,0,0,1,0,8,2,191.0,1,1,0.0,0.0,0.0,1.0,1.0,18.0,201.0,0.6489,0.098,other,16.0,90.0,476.38,0.528,0.556,0.619,0.274,Hyderabad,Hyderabad,3.7,0.0,1481.0,0.31,0.0,0.0,0.5,0.0,0.556,55.074000000000005,38391.0,0.01778749,0.1177785945,0.0,0.181505,True,False,False,False,False,False,True,False,False,False,True,False,False,False,False,False,False,False,True,False,False,False,True,False,0.0,0.0
1,2,517,0.797492,1,1,0,0,1,0,8,2,191.0,1,1,0.0,0.0,0.0,1.0,1.0,18.0,37.0,1.0,0.535,other,16.0,90.0,476.38,0.528,0.556,0.619,0.274,Hyderabad,Hyderabad,3.7,0.0,1481.0,0.31,0.25,1.0,0.5,0.0,0.556,10.138000000000002,7067.0,0.42665822,0.797492,0.0,0.797492,True,False,False,False,True,False,False,False,False,False,True,False,False,False,False,False,False,False,True,False,False,False,True,False,0.619,0.0
1,2,518,0.517241,1,1,0,0,1,0,8,2,191.0,1,1,0.0,0.0,0.0,1.0,1.0,18.0,117.0,1.0,0.209,dosa,16.0,90.0,476.38,0.528,0.556,0.619,0.274,Hyderabad,Hyderabad,3.7,0.0,1481.0,0.31,0.0,0.0,0.5,0.0,0.556,32.058,22347.0,0.1081033689999999,0.517241,0.0,0.517241,True,False,False,False,False,False,True,False,False,False,True,False,False,False,False,False,False,False,True,False,False,False,True,False,0.0,0.0
1,2,519,0.176959,1,1,1,0,1,0,8,2,191.0,1,1,0.0,0.0,0.0,1.0,1.0,18.0,65.0,1.0,0.295,chutney,16.0,90.0,476.38,0.528,0.556,0.619,0.274,Hyderabad,Hyderabad,3.7,0.0,1481.0,0.31,0.0,0.0,0.5,0.0,0.556,17.810000000000002,12415.0,0.052202905,0.176959,0.0,0.176959,True,False,False,False,False,False,False,True,False,False,True,False,False,False,False,False,False,False,True,False,False,False,True,False,0.0,0.0
1,2,521,0.077273,0,1,1,0,1,0,8,2,191.0,1,1,0.0,0.0,0.0,1.0,1.0,18.0,69.0,0.3574,0.243,other,16.0,90.0,476.38,0.528,0.556,0.619,0.274,Hyderabad,Hyderabad,3.7,0.0,1481.0,0.31,0.0,0.0,0.5,0.0,0.556,18.906,13179.0,0.0187773389999999,0.0276173701999999,0.0,0.077273,True,False,False,False,False,False,False,True,False,False,True,False,False,False,False,False,False,False,True,False,False,False,True,False,0.0,0.0
1,2,522,0.363009,1,1,0,0,1,0,8,2,191.0,1,1,0.0,0.0,0.0,1.0,1.0,18.0,153.0,1.0,0.257,pongal,16.0,90.0,476.38,0.528,0.556,0.619,0.274,Hyderabad,Hyderabad,3.7,0.0,1481.0,0.31,0.0,0.0,0.5,0.0,0.556,41.922,29223.0,0.093293313,0.363009,0.0,0.363009,True,False,False,False,False,False,True,False,False,False,True,False,False,False,False,False,False,False,True,False,False,False,True,False,0.0,0.0
1,2,523,0.268652,1,1,0,0,1,0,8,2,191.0,1,1,0.0,0.0,0.0,1.0,1.0,18.0,127.0,0.2467,0.121,other,16.0,90.0,476.38,0.528,0.556,0.619,0.274,Hyderabad,Hyderabad,3.7,0.0,1481.0,0.31,0.0,0.0,0.5,0.0,0.556,34.798,24257.0,0.032506892,0.0662764484,0.0,0.268652,True,False,False,False,False,False,True,False,False,False,True,False,False,False,False,False,False,False,True,False,False,False,True,False,0.0,0.0
1,2,524,0.738401,1,1,1,0,1,0,8,2,191.0,1,1,0.0,0.0,0.0,1.0,1.0,18.0,91.0,0.8068,0.354,other,16.0,90.0,476.38,0.528,0.556,0.619,0.274,Hyderabad,Hyderabad,3.7,0.0,1481.0,0.31,0.0,0.0,0.5,0.0,0.556,24.934,17381.0,0.261393954,0.5957419267999999,0.0,0.738401,True,False,False,False,False,True,False,False,False,False,True,False,False,False,False,False,False,False,True,False,False,False,True,False,0.0,0.556
1,2,525,0.366928,1,1,1,0,1,0,8,2,191.0,1,1,0.0,0.0,0.0,1.0,1.0,18.0,83.0,0.6065,0.336,other,16.0,90.0,476.38,0.528,0.556,0.619,0.274,Hyderabad,Hyderabad,3.7,0.0,1481.0,0.31,0.0,0.0,0.5,0.0,0.556,22.742,15853.0,0.123287808,0.222541832,0.0,0.366928,True,False,False,False,False,True,False,False,False,False,True,False,False,False,False,False,False,False,True,False,False,False,True,False,0.0,0.556
1,2,527,0.656301,1,1,0,1,1,0,8,2,191.0,1,1,0.0,0.0,0.0,1.0,1.0,18.0,192.0,0.3672,0.087,other,16.0,90.0,476.38,0.528,0.556,0.619,0.274,Hyderabad,Hyderabad,3.7,0.0,1481.0,0.31,0.0,0.0,0.5,0.0,0.556,52.608,36672.0,0.0570981869999999,0.2409937272,0.0,0.656301,True,False,False,False,False,False,True,False,False,False,True,False,False,False,False,False,False,False,True,False,False,False,True,False,0.0,0.0
1,2,528,0.05,0,0,1,0,1,0,8,2,191.0,1,1,0.0,0.0,0.0,1.0,1.0,18.0,100.0,0.3908,0.311,other,16.0,90.0,476.38,0.528,0.556,0.619,0.274,Hyderabad,Hyderabad,3.7,0.0,1481.0,0.31,0.0,0.0,0.5,0.0,0.556,27.4,19100.0,0.01555,0.01954,0.0,0.05,True,False,False,False,False,True,False,False,False,False,True,False,False,False,False,False,False,False,True,False,False,False,True,False,0.0,0.556
1,2,529,0.450157,1,1,0,0,1,0,8,2,191.0,1,1,0.0,0.0,0.0,1.0,1.0,18.0,193.0,0.8068,0.13,other,16.0,90.0,476.38,0.528,0.556,0.619,0.274,Hyderabad,Hyderabad,3.7,0.0,1481.0,0.31,0.0,0.0,0.5,0.0,0.556,52.882000000000005,36863.0,0.05852041,0.3631866675999999,0.0,0.450157,True,False,False,False,False,False,True,False,False,False,True,False,False,False,False,False,False,False,True,False,False,False,True,False,0.0,0.0
1,2,530,0.676803,1,1,0,0,1,0,8,2,191.0,1,1,0.0,0.0,0.0,1.0,1.0,18.0,158.0,1.0,0.193,pongal,16.0,90.0,476.38,0.528,0.556,0.619,0.274,Hyderabad,Hyderabad,3.7,0.0,1481.0,0.31,0.0,0.0,0.5,0.0,0.556,43.292,30178.0,0.130622979,0.676803,0.0,0.676803,True,False,False,False,False,False,True,False,False,False,True,False,False,False,False,False,False,False,True,False,False,False,True,False,0.0,0.0
1,2,532,0.218182,0,1,0,0,1,0,8,2,191.0,1,1,0.0,0.0,0.0,1.0,1.0,18.0,122.0,0.8068,0.083,other,16.0,90.0,476.38,0.528,0.556,0.619,0.274,Hyderabad,Hyderabad,3.7,0.0,1481.0,0.31,0.0,0.0,0.5,0.0,0.556,33.428000000000004,23302.0,0.018109106,0.1760292375999999,0.0,0.218182,True,False,False,False,False,False,True,False,False,False,True,False,False,False,False,False,False,False,True,False,False,False,True,False,0.0,0.0
1,2,533,0.1721,1,1,0,0,1,0,8,2,191.0,1,1,0.0,0.0,0.0,1.0,1.0,18.0,185.0,0.3556,0.088,other,16.0,90.0,476.38,0.528,0.556,0.619,0.274,Hyderabad,Hyderabad,3.7,0.0,1481.0,0.31,0.0,0.0,0.5,0.0,0.556,50.690000000000005,35335.0,0.0151448,0.06119876,0.0,0.1721,True,False,False,False,False,False,True,False,False,False,True,False,False,False,False,False,False,False,True,False,False,False,True,False,0.0,0.0
1,2,534,0.469749,1,1,1,0,1,0,8,2,191.0,1,1,0.0,0.0,0.0,1.0,1.0,18.0,74.0,1.0,0.21,other,16.0,90.0,476.38,0.528,0.556,0.619,0.274,Hyderabad,Hyderabad,3.7,0.0,1481.0,0.31,0.0,0.0,0.5,0.0,0.556,20.276000000000003,14134.0,0.09864729,0.469749,0.0,0.469749,True,False,False,False,False,False,False,True,False,False,True,False,False,False,False,False,False,False,True,False,False,False,True,False,0.0,0.0
1,2,535,0.480564,1,1,0,0,1,0,8,2,191.0,1,1,0.0,0.0,0.0,1.0,1.0,18.0,39.0,0.4653,0.618,other,16.0,90.0,476.38,0.528,0.556,0.619,0.274,Hyderabad,Hyderabad,3.7,0.0,1481.0,0.31,0.0,0.0,0.5,0.0,0.556,10.686,7449.0,0.296988552,0.2236064291999999,0.0,0.480564,True,False,False,False,True,False,False,False,False,False,True,False,False,False,False,False,False,False,True,False,False,False,True,False,0.619,0.0
1,2,536,0.369279,1,1,0,0,1,0,8,2,191.0,1,1,0.0,0.0,0.0,1.0,1.0,18.0,187.0,1.0,0.116,masala,16.0,90.0,476.38,0.528,0.556,0.619,0.274,Hyderabad,Hyderabad,3.7,0.0,1481.0,0.31,0.0,0.0,0.5,0.0,0.556,51.23800000000001,35717.0,0.042836364,0.369279,0.0,0.369279,True,False,False,False,False,False,True,False,False,False,True,False,False,False,False,False,False,False,True,False,False,False,True,False,0.0,0.0
1,2,537,0.363009,1,1,0,0,1,0,8,2,191.0,1,1,0.0,0.0,0.0,1.0,1.0,18.0,48.0,0.8068,0.598,other,16.0,90.0,476.38,0.528,0.556,0.619,0.274,Hyderabad,Hyderabad,3.7,0.0,1481.0,0.31,0.0,0.0,0.5,0.0,0.556,13.152,9168.0,0.217079382,0.2928756612,0.0,0.363009,True,False,False,False,True,False,False,False,False,False,True,False,False,False,False,False,False,False,True,False,False,False,True,False,0.619,0.0
1,2,538,0.077273,0,1,1,0,1,0,8,2,191.0,1,1,0.0,0.0,0.0,1.0,1.0,18.0,48.0,0.3161,0.245,other,16.0,90.0,476.38,0.528,0.556,0.619,0.274,Hyderabad,Hyderabad,3.7,0.0,1481.0,0.31,0.0,0.0,0.5,0.0,0.556,13.152,9168.0,0.018931885,0.0244259952999999,0.0,0.077273,True,False,False,False,False,False,False,True,False,False,True,False,False,False,False,False,False,False,True,False,False,False,True,False,0.0,0.0
1,2,539,0.199373,1,1,0,0,1,0,8,2,191.0,1,1,0.0,0.0,0.0,1.0,1.0,18.0,131.0,0.8068,0.174,other,16.0,90.0,476.38,0.528,0.556,0.619,0.274,Hyderabad,Hyderabad,3.7,0.0,1481.0,0.31,0.0,0.0,0.5,0.0,0.556,35.894000000000005,25021.0,0.0346909019999999,0.1608541364,0.0,0.199373,True,False,False,False,False,False,True,False,False,False,True,False,False,False,False,False,False,False,True,False,False,False,True,False,0.0,0.0
1,2,540,0.495298,1,1,0,0,1,0,8,2,191.0,1,1,0.0,0.0,0.0,1.0,1.0,18.0,197.0,0.8068,0.195,other,16.0,90.0,476.38,0.528,0.556,0.619,0.274,Hyderabad,Hyderabad,3.7,0.0,1481.0,0.31,0.0,0.0,0.5,0.0,0.556,53.978,37627.0,0.09658311,0.3996064264,0.0,0.495298,True,False,False,False,False,False,True,False,False,False,True,False,False,False,False,False,False,False,True,False,False,False,True,False,0.0,0.0
1,2,511,0.290846,1,1,0,0,1,0,8,2,191.0,1,1,0.0,0.0,0.0,1.0,1.0,18.0,207.0,0.5747,0.095,other,16.0,90.0,476.38,0.528,0.556,0.619,0.274,Hyderabad,Hyderabad,3.7,0.0,1481.0,0.31,0.0,0.0,0.5,0.0,0.556,56.718,39537.0,0.02763037,0.1671491962,0.0,0.290846,True,False,False,False,False,False,True,False,False,False,True,False,False,False,False,False,False,False,True,False,False,False,True,False,0.0,0.0
2,2,2761,0.075,0,1,0,0,1,0,9535,1,24.0,0,1,0.0,0.0,0.0,0.0,0.0,93.0,67.0,1.0,0.02,dosa,72.0,25.0,600.65,0.497,0.544,0.724,0.173,Hyderabad,Hyderabad,3.4,0.0,883.0,0.302,0.0,0.0,0.5,0.0,0.0,11.591,1608.0,0.0015,0.075,0.0,0.0,True,False,False,False,False,False,True,False,False,True,False,False,False,False,False,False,False,False,True,False,False,True,False,False,0.0,0.0
2,2,2762,0.670833,1,1,1,1,1,0,9535,1,24.0,0,1,0.0,0.0,0.0,0.0,0.0,93.0,33.0,0.7095,0.395,other,72.0,25.0,600.65,0.497,0.544,0.724,0.173,Hyderabad,Hyderabad,3.4,0.0,883.0,0.302,0.0,0.0,0.5,0.0,0.0,5.709,792.0,0.264979035,0.4759560135,0.0,0.0,True,False,False,False,False,True,False,False,False,True,False,False,False,False,False,False,False,False,True,False,False,True,False,False,0.0,0.544
2,2,2764,0.0,0,0,0,0,1,0,9535,1,24.0,0,1,0.0,0.0,0.0,0.0,0.0,93.0,64.0,0.257,0.018,other,72.0,25.0,600.65,0.497,0.544,0.724,0.173,Hyderabad,Hyderabad,3.4,0.0,883.0,0.302,0.0,0.0,0.5,0.0,0.0,11.072,1536.0,0.0,0.0,0.0,0.0,True,False,False,False,False,False,True,False,False,True,False,False,False,False,False,False,False,False,True,False,False,True,False,False,0.0,0.0
2,2,2765,0.275,1,1,0,0,1,0,9535,1,24.0,0,1,0.0,0.0,0.0,0.0,0.0,93.0,71.0,0.8068,0.064,other,72.0,25.0,600.65,0.497,0.544,0.724,0.173,Hyderabad,Hyderabad,3.4,0.0,883.0,0.302,0.0,0.0,0.5,0.0,0.0,12.283,1704.0,0.0176,0.22187,0.0,0.0,True,False,False,False,False,False,True,False,False,True,False,False,False,False,False,False,False,False,True,False,False,True,False,False,0.0,0.0
2,2,2766,0.0625,0,1,1,0,1,0,9535,1,24.0,0,1,0.0,0.0,0.0,0.0,0.0,93.0,27.0,0.3072,0.251,other,72.0,25.0,600.65,0.497,0.544,0.724,0.173,Hyderabad,Hyderabad,3.4,0.0,883.0,0.302,0.0,0.0,0.5,0.0,0.0,4.670999999999999,648.0,0.0156875,0.0192,0.0,0.0,True,False,False,False,False,False,False,True,False,True,False,False,False,False,False,False,False,False,True,False,False,True,False,False,0.0,0.0
2,2,2767,0.1375,0,1,0,0,1,0,9535,1,24.0,0,1,0.0,0.0,0.0,0.0,0.0,93.0,58.0,1.0,0.139,pongal,72.0,25.0,600.65,0.497,0.544,0.724,0.173,Hyderabad,Hyderabad,3.4,0.0,883.0,0.302,0.0,0.0,0.5,0.0,0.0,10.034,1392.0,0.0191125,0.1375,0.0,0.0,True,False,False,False,False,False,True,False,False,True,False,False,False,False,False,False,False,False,True,False,False,True,False,False,0.0,0.0
2,2,2769,0.05,0,1,0,0,1,0,9535,1,24.0,0,1,0.0,0.0,0.0,0.0,0.0,93.0,84.0,0.7095,0.088,other,72.0,25.0,600.65,0.497,0.544,0.724,0.173,Hyderabad,Hyderabad,3.4,0.0,883.0,0.302,0.0,0.0,0.5,0.0,0.0,14.531999999999998,2016.0,0.0044,0.035475,0.0,0.0,True,False,False,False,False,False,True,False,False,True,False,False,False,False,False,False,False,False,True,False,False,True,False,False,0.0,0.0
2,2,2771,0.625,1,1,1,0,1,0,9535,1,24.0,0,1,0.0,0.0,0.0,0.0,0.0,93.0,35.0,0.8068,0.334,other,72.0,25.0,600.65,0.497,0.544,0.724,0.173,Hyderabad,Hyderabad,3.4,0.0,883.0,0.302,0.0,0.0,0.5,0.0,0.0,6.055,840.0,0.20875,0.50425,0.0,0.0,True,False,False,False,False,True,False,False,False,True,False,False,False,False,False,False,False,False,True,False,False,True,False,False,0.0,0.544
2,2,2772,0.075,0,1,1,0,1,0,9535,1,24.0,0,1,0.0,0.0,0.0,0.0,0.0,93.0,24.0,1.0,0.301,rice,72.0,25.0,600.65,0.497,0.544,0.724,0.173,Hyderabad,Hyderabad,3.4,0.0,883.0,0.302,0.0,0.0,0.5,0.0,0.0,4.151999999999999,576.0,0.0225749999999999,0.075,0.0,0.0,True,False,False,False,False,False,False,True,False,True,False,False,False,False,False,False,False,False,True,False,False,True,False,False,0.0,0.0
2,2,2773,0.075,0,1,0,0,1,0,9535,1,24.0,0,1,0.0,0.0,0.0,0.0,0.0,93.0,52.0,1.0,0.085,dosa,72.0,25.0,600.65,0.497,0.544,0.724,0.173,Hyderabad,Hyderabad,3.4,0.0,883.0,0.302,0.0,0.0,0.5,0.0,0.0,8.995999999999999,1248.0,0.006375,0.075,0.0,0.0,True,False,False,False,False,False,True,False,False,True,False,False,False,False,False,False,False,False,True,False,False,True,False,False,0.0,0.0
2,2,2775,0.3875,1,1,0,0,1,0,9535,1,24.0,0,1,0.0,0.0,0.0,0.0,0.0,93.0,46.0,0.7095,0.186,other,72.0,25.0,600.65,0.497,0.544,0.724,0.173,Hyderabad,Hyderabad,3.4,0.0,883.0,0.302,0.0,0.0,0.5,0.0,0.0,7.957999999999999,1104.0,0.072075,0.27493125,0.0,0.0,True,False,False,False,False,False,True,False,False,True,False,False,False,False,False,False,False,False,True,False,False,True,False,False,0.0,0.0
2,2,2776,0.2625,1,1,1,0,1,0,9535,1,24.0,0,1,0.0,0.0,0.0,0.0,0.0,93.0,37.0,0.8068,0.23,other,72.0,25.0,600.65,0.497,0.544,0.724,0.173,Hyderabad,Hyderabad,3.4,0.0,883.0,0.302,0.0,0.0,0.5,0.0,0.0,6.401,888.0,0.060375,0.211785,0.0,0.0,True,False,False,False,False,False,False,True,False,True,False,False,False,False,False,False,False,False,True,False,False,True,False,False,0.0,0.0
2,2,2777,0.216667,1,1,0,0,1,0,9535,1,24.0,0,1,0.0,0.0,0.0,0.0,0.0,93.0,83.0,1.0,0.01,dosa,72.0,25.0,600.65,0.497,0.544,0.724,0.173,Hyderabad,Hyderabad,3.4,0.0,883.0,0.302,0.0,0.0,0.5,0.0,0.0,14.358999999999998,1992.0,0.00216667,0.216667,0.0,0.0,True,False,False,False,False,False,True,False,False,True,False,False,False,False,False,False,False,False,True,False,False,True,False,False,0.0,0.0
2,2,2778,0.05,0,1,0,0,1,0,9535,1,24.0,0,1,0.0,0.0,0.0,0.0,0.0,93.0,56.0,0.3651,0.137,other,72.0,25.0,600.65,0.497,0.544,0.724,0.173,Hyderabad,Hyderabad,3.4,0.0,883.0,0.302,0.0,0.0,0.5,0.0,0.0,9.688,1344.0,0.00685,0.018255,0.0,0.0,True,False,False,False,False,False,True,False,False,True,False,False,False,False,False,False,False,False,True,False,False,True,False,False,0.0,0.0
2,2,2780,0.025,0,1,0,0,1,0,9535,1,24.0,0,1,0.0,0.0,0.0,0.0,0.0,93.0,46.0,0.5747,0.093,other,72.0,25.0,600.65,0.497,0.544,0.724,0.173,Hyderabad,Hyderabad,3.4,0.0,883.0,0.302,0.0,0.0,0.5,0.0,0.0,7.957999999999999,1104.0,0.002325,0.0143675,0.0,0.0,True,False,False,False,False,False,True,False,False,True,False,False,False,False,False,False,False,False,True,False,False,True,False,False,0.0,0.0
2,2,2781,0.7625,1,1,0,0,1,0,9535,1,24.0,0,1,0.0,0.0,0.0,0.0,0.0,93.0,43.0,1.0,0.127,masala,72.0,25.0,600.65,0.497,0.544,0.724,0.173,Hyderabad,Hyderabad,3.4,0.0,883.0,0.302,0.0,0.0,0.5,0.0,0.0,7.438999999999999,1032.0,0.0968374999999999,0.7625,0.0,0.0,True,False,False,False,False,False,True,False,False,True,False,False,False,False,False,False,False,False,True,False,False,True,False,False,0.0,0.0
2,2,2782,0.175,1,0,0,0,1,0,9535,1,24.0,0,1,0.0,0.0,0.0,0.0,0.0,93.0,51.0,0.4749,0.209,other,72.0,25.0,600.65,0.497,0.544,0.724,0.173,Hyderabad,Hyderabad,3.4,0.0,883.0,0.302,0.0,0.0,0.5,0.0,0.0,8.822999999999999,1224.0,0.0365749999999999,0.0831074999999999,0.0,0.0,True,False,False,False,False,False,True,False,False,True,False,False,False,False,False,False,False,False,True,False,False,True,False,False,0.0,0.0
2,2,2783,0.3,0,1,0,0,1,0,9535,1,24.0,0,1,0.0,0.0,0.0,0.0,0.0,93.0,16.0,1.0,0.547,other,72.0,25.0,600.65,0.497,0.544,0.724,0.173,Hyderabad,Hyderabad,3.4,0.0,883.0,0.302,0.25,1.0,0.5,0.0,0.0,2.768,384.0,0.1641,0.3,0.0,0.0,True,False,False,False,True,False,False,False,False,True,False,False,False,False,False,False,False,False,True,False,False,True,False,False,0.724,0.0
2,2,2784,0.4375,1,1,1,0,1,0,9535,1,24.0,0,1,0.0,0.0,0.0,0.0,0.0,93.0,19.0,1.0,0.241,rice,72.0,25.0,600.65,0.497,0.544,0.724,0.173,Hyderabad,Hyderabad,3.4,0.0,883.0,0.302,0.0,0.0,0.5,0.0,0.0,3.287,456.0,0.1054374999999999,0.4375,0.0,0.0,True,False,False,False,False,False,False,True,False,True,False,False,False,False,False,False,False,False,True,False,False,True,False,False,0.0,0.0
2,2,2785,0.2875,1,1,0,0,1,0,9535,1,24.0,0,1,0.0,0.0,0.0,0.0,0.0,93.0,46.0,0.4749,0.077,other,72.0,25.0,600.65,0.497,0.544,0.724,0.173,Hyderabad,Hyderabad,3.4,0.0,883.0,0.302,0.0,0.0,0.5,0.0,0.0,7.957999999999999,1104.0,0.0221374999999999,0.1365337499999999,0.0,0.0,True,False,False,False,False,False,True,False,False,True,False,False,False,False,False,False,False,False,True,False,False,True,False,False,0.0,0.0
2,2,2786,0.191667,1,1,1,0,1,0,9535,1,24.0,0,1,0.0,0.0,0.0,0.0,0.0,93.0,19.0,0.8068,0.253,other,72.0,25.0,600.65,0.497,0.544,0.724,0.173,Hyderabad,Hyderabad,3.4,0.0,883.0,0.302,0.0,0.0,0.5,0.0,0.0,3.287,456.0,0.048491751,0.1546369356,0.0,0.0,True,False,False,False,False,False,False,True,False,True,False,False,False,False,False,False,False,False,True,False,False,True,False,False,0.0,0.0
2,2,2787,0.4,1,0,1,0,1,0,9535,1,24.0,0,1,0.0,0.0,0.0,0.0,0.0,93.0,26.0,0.173,0.352,other,72.0,25.0,600.65,0.497,0.544,0.724,0.173,Hyderabad,Hyderabad,3.4,0.0,883.0,0.302,0.0,0.0,0.5,0.0,0.0,4.497999999999999,624.0,0.1408,0.0692,0.0,0.0,True,False,False,False,False,True,False,False,False,True,False,False,False,False,False,False,False,False,True,False,False,True,False,False,0.0,0.544
2,2,2788,0.05,0,1,0,0,1,0,9535,1,24.0,0,1,0.0,0.0,0.0,0.0,0.0,93.0,74.0,0.5296,0.146,other,72.0,25.0,600.65,0.497,0.544,0.724,0.173,Hyderabad,Hyderabad,3.4,0.0,883.0,0.302,0.0,0.0,0.5,0.0,0.0,12.802,1776.0,0.0073,0.02648,0.0,0.0,True,False,False,False,False,False,True,False,False,True,False,False,False,False,False,False,False,False,True,False,False,True,False,False,0.0,0.0
2,2,2789,0.2625,1,1,0,0,1,0,9535,1,24.0,0,1,0.0,0.0,0.0,0.0,0.0,93.0,74.0,0.8068,0.141,other,72.0,25.0,600.65,0.497,0.544,0.724,0.173,Hyderabad,Hyderabad,3.4,0.0,883.0,0.302,0.0,0.0,0.5,0.0,0.0,12.802,1776.0,0.0370125,0.211785,0.0,0.0,True,False,False,False,False,False,True,False,False,True,False,False,False,False,False,False,False,False,True,False,False,True,False,False,0.0,0.0
2,2,2790,0.05,0,1,0,0,1,0,9535,1,24.0,0,1,0.0,0.0,0.0,0.0,0.0,93.0,50.0,0.5296,0.191,other,72.0,25.0,600.65,0.497,0.544,0.724,0.173,Hyderabad,Hyderabad,3.4,0.0,883.0,0.302,0.0,0.0,0.5,0.0,0.0,8.649999999999999,1200.0,0.00955,0.02648,0.0,0.0,True,False,False,False,False,False,True,False,False,True,False,False,False,False,False,False,False,False,True,False,False,True,False,False,0.0,0.0
3,1,4231,0.15,0,1,0,0,3,0,6144,1,56.0,1,0,0.0,0.0,1.0,1.0,1.0,142.0,59.0,0.5127,0.239,other,30.0,66.0,447.5,0.416,0.571,0.77,0.381,Hyderabad,Hyderabad,3.3,0.0,2192.0,0.284,0.0,0.0,1.0,0.77,0.571,22.479,3304.0,0.03585,0.076905,0.15,0.15,False,False,True,False,False,False,True,False,False,False,True,False,False,False,False,True,False,False,False,False,False,True,False,False,0.0,0.0
3,1,4232,0.325,1,1,0,0,3,0,6144,1,56.0,1,0,0.0,0.0,1.0,1.0,1.0,142.0,82.0,1.0,0.29,curry,30.0,66.0,447.5,0.416,0.571,0.77,0.381,Hyderabad,Hyderabad,3.3,0.0,2192.0,0.284,0.0,0.0,1.0,0.77,0.571,31.242,4592.0,0.09425,0.325,0.325,0.325,False,False,True,False,False,False,True,False,False,False,True,False,False,False,False,True,False,False,False,False,False,True,False,False,0.0,0.0
3,1,4233,0.1625,0,1,1,0,3,0,6144,1,56.0,1,0,0.0,0.0,1.0,1.0,1.0,142.0,21.0,0.8068,0.305,other,30.0,66.0,447.5,0.416,0.571,0.77,0.381,Hyderabad,Hyderabad,3.3,0.0,2192.0,0.284,0.0,0.0,1.0,0.77,0.571,8.001,1176.0,0.0495625,0.131105,0.1625,0.1625,False,False,True,False,False,False,False,True,False,False,True,False,False,False,False,True,False,False,False,False,False,True,False,False,0.0,0.0
3,1,4235,0.05,0,0,1,0,3,0,6144,1,56.0,1,0,0.0,0.0,1.0,1.0,1.0,142.0,20.0,0.1983,0.13,other,30.0,66.0,447.5,0.416,0.571,0.77,0.381,Hyderabad,Hyderabad,3.3,0.0,2192.0,0.284,0.0,0.0,1.0,0.77,0.571,7.62,1120.0,0.0065,0.009915,0.05,0.05,False,False,True,False,False,False,False,True,False,False,True,False,False,False,False,True,False,False,False,False,False,True,False,False,0.0,0.0
3,1,4236,0.0875,0,1,1,0,3,0,6144,1,56.0,1,0,0.0,0.0,1.0,1.0,1.0,142.0,25.0,0.1504,0.33,other,30.0,66.0,447.5,0.416,0.571,0.77,0.381,Hyderabad,Hyderabad,3.3,0.0,2192.0,0.284,0.0,0.0,1.0,0.77,0.571,9.525,1400.0,0.0288749999999999,0.01316,0.0875,0.0875,False,False,True,False,False,True,False,False,False,False,True,False,False,False,False,True,False,False,False,False,False,True,False,False,0.0,0.571
3,1,4237,0.55,1,1,1,0,3,0,6144,1,56.0,1,0,0.0,0.0,1.0,1.0,1.0,142.0,34.0,0.3877,0.343,other,30.0,66.0,447.5,0.416,0.571,0.77,0.381,Hyderabad,Hyderabad,3.3,0.0,2192.0,0.284,0.0,0.0,1.0,0.77,0.571,12.954,1904.0,0.18865,0.213235,0.55,0.55,False,False,True,False,False,True,False,False,False,False,True,False,False,False,False,True,False,False,False,False,False,True,False,False,0.0,0.571
3,1,4238,0.2475,1,1,0,0,3,0,6144,1,56.0,1,0,0.0,0.0,1.0,1.0,1.0,142.0,64.0,0.8068,0.193,other,30.0,66.0,447.5,0.416,0.571,0.77,0.381,Hyderabad,Hyderabad,3.3,0.0,2192.0,0.284,0.0,0.0,1.0,0.77,0.571,24.384,3584.0,0.0477675,0.199683,0.2475,0.2475,False,False,True,False,False,False,True,False,False,False,True,False,False,False,False,True,False,False,False,False,False,True,False,False,0.0,0.0
3,1,4239,0.5875,1,1,1,0,3,0,6144,1,56.0,1,0,0.0,0.0,1.0,1.0,1.0,142.0,34.0,0.5498,0.348,other,30.0,66.0,447.5,0.416,0.571,0.77,0.381,Hyderabad,Hyderabad,3.3,0.0,2192.0,0.284,0.0,0.0,1.0,0.77,0.571,12.954,1904.0,0.20445,0.3230075,0.5875,0.5875,False,False,True,False,False,True,False,False,False,False,True,False,False,False,False,True,False,False,False,False,False,True,False,False,0.0,0.571
3,1,4240,0.275,0,1,1,0,3,0,6144,1,56.0,1,0,0.0,0.0,1.0,1.0,1.0,142.0,19.0,1.0,0.499,chai,30.0,66.0,447.5,0.416,0.571,0.77,0.381,Hyderabad,Hyderabad,3.3,0.0,2192.0,0.284,0.0,0.0,1.0,0.77,0.571,7.239,1064.0,0.137225,0.275,0.275,0.275,False,False,True,False,True,False,False,False,False,False,True,False,False,False,False,True,False,False,False,False,False,True,False,False,0.77,0.0
3,1,4242,0.1125,0,1,0,0,3,0,6144,1,56.0,1,0,0.0,0.0,1.0,1.0,1.0,142.0,79.0,1.0,0.156,haleem,30.0,66.0,447.5,0.416,0.571,0.77,0.381,Hyderabad,Hyderabad,3.3,0.0,2192.0,0.284,0.3333333333333333,1.0,1.0,0.77,0.571,30.099,4424.0,0.01755,0.1125,0.1125,0.1125,False,False,True,False,False,False,True,False,False,False,True,False,False,False,False,True,False,False,False,False,False,True,False,False,0.0,0.0
3,1,4244,0.2375,1,1,1,0,3,0,6144,1,56.0,1,0,0.0,0.0,1.0,1.0,1.0,142.0,31.0,0.6065,0.219,raita,30.0,66.0,447.5,0.416,0.571,0.77,0.381,Hyderabad,Hyderabad,3.3,0.0,2192.0,0.284,0.0,0.0,1.0,0.77,0.571,11.811,1736.0,0.0520124999999999,0.14404375,0.2375,0.2375,False,False,True,False,False,False,False,True,False,False,True,False,False,False,False,True,False,False,False,False,False,True,False,False,0.0,0.0
3,1,4245,0.425,1,1,1,0,3,0,6144,1,56.0,1,0,0.0,0.0,1.0,1.0,1.0,142.0,18.0,1.0,0.531,chai,30.0,66.0,447.5,0.416,0.571,0.77,0.381,Hyderabad,Hyderabad,3.3,0.0,2192.0,0.284,0.0,0.0,1.0,0.77,0.571,6.8580000000000005,1008.0,0.225675,0.425,0.425,0.425,False,False,True,False,True,False,False,False,False,False,True,False,False,False,False,True,False,False,False,False,False,True,False,False,0.77,0.0
3,1,4246,0.225,1,1,0,0,3,0,6144,1,56.0,1,0,0.0,0.0,1.0,1.0,1.0,142.0,75.0,0.5296,0.267,other,30.0,66.0,447.5,0.416,0.571,0.77,0.381,Hyderabad,Hyderabad,3.3,0.0,2192.0,0.284,0.0,0.0,1.0,0.77,0.571,28.575,4200.0,0.060075,0.1191599999999999,0.225,0.225,False,False,True,False,False,False,True,False,False,False,True,False,False,False,False,True,False,False,False,False,False,True,False,False,0.0,0.0
3,1,4247,1.0125,1,1,1,0,3,0,6144,1,56.0,1,0,0.0,0.0,1.0,1.0,1.0,142.0,26.0,1.0,0.527,other,30.0,66.0,447.5,0.416,0.571,0.77,0.381,Hyderabad,Hyderabad,3.3,0.0,2192.0,0.284,0.25,1.0,1.0,0.77,0.571,9.906,1456.0,0.5335875,1.0125,1.0125,1.0125,False,False,True,False,True,False,False,False,False,False,True,False,False,False,False,True,False,False,False,False,False,True,False,False,0.77,0.0
3,1,4248,0.125,0,1,1,0,3,0,6144,1,56.0,1,0,0.0,0.0,1.0,1.0,1.0,142.0,36.0,0.4094,0.325,other,30.0,66.0,447.5,0.416,0.571,0.77,0.381,Hyderabad,Hyderabad,3.3,0.0,2192.0,0.284,0.0,0.0,1.0,0.77,0.571,13.716,2016.0,0.040625,0.051175,0.125,0.125,False,False,True,False,False,False,False,True,False,False,True,False,False,False,False,True,False,False,False,False,False,True,False,False,0.0,0.0
3,1,4249,0.4125,1,1,1,0,3,0,6144,1,56.0,1,0,0.0,0.0,1.0,1.0,1.0,142.0,25.0,0.2614,0.363,other,30.0,66.0,447.5,0.416,0.571,0.77,0.381,Hyderabad,Hyderabad,3.3,0.0,2192.0,0.284,0.0,0.0,1.0,0.77,0.571,9.525,1400.0,0.1497375,0.1078275,0.4125,0.4125,False,False,True,False,False,True,False,False,False,False,True,False,False,False,False,True,False,False,False,False,False,True,False,False,0.0,0.571
3,1,4250,0.075,0,1,0,0,3,0,6144,1,56.0,1,0,0.0,0.0,1.0,1.0,1.0,142.0,63.0,0.7095,0.118,other,30.0,66.0,447.5,0.416,0.571,0.77,0.381,Hyderabad,Hyderabad,3.3,0.0,2192.0,0.284,0.0,0.0,1.0,0.77,0.571,24.003,3528.0,0.0088499999999999,0.0532125,0.075,0.075,False,False,True,False,False,False,True,False,False,False,True,False,False,False,False,True,False,False,False,False,False,True,False,False,0.0,0.0
3,1,4251,0.75,1,1,1,1,3,0,6144,1,56.0,1,0,0.0,0.0,1.0,1.0,1.0,142.0,17.0,1.0,0.582,chai,30.0,66.0,447.5,0.416,0.571,0.77,0.381,Hyderabad,Hyderabad,3.3,0.0,2192.0,0.284,0.0,0.0,1.0,0.77,0.571,6.477,952.0,0.4365,0.75,0.75,0.75,False,False,True,False,True,False,False,False,False,False,True,False,False,False,False,True,False,False,False,False,False,True,False,False,0.77,0.0
3,1,4252,0.15,0,1,0,0,3,0,6144,1,56.0,1,0,0.0,0.0,1.0,1.0,1.0,142.0,61.0,0.8068,0.244,other,30.0,66.0,447.5,0.416,0.571,0.77,0.381,Hyderabad,Hyderabad,3.3,0.0,2192.0,0.284,0.0,0.0,1.0,0.77,0.571,23.241,3416.0,0.0366,0.1210199999999999,0.15,0.15,False,False,True,False,False,False,True,False,False,False,True,False,False,False,False,True,False,False,False,False,False,True,False,False,0.0,0.0
3,1,4253,0.5375,1,1,1,0,3,0,6144,1,56.0,1,0,0.0,0.0,1.0,1.0,1.0,142.0,25.0,0.6489,0.555,other,30.0,66.0,447.5,0.416,0.571,0.77,0.381,Hyderabad,Hyderabad,3.3,0.0,2192.0,0.284,0.0,0.0,1.0,0.77,0.571,9.525,1400.0,0.2983125,0.34878375,0.5375,0.5375,False,False,True,False,True,False,False,False,False,False,True,False,False,False,False,True,False,False,False,False,False,True,False,False,0.77,0.0
3,1,4255,0.1125,0,1,0,0,3,0,6144,1,56.0,1,0,0.0,0.0,1.0,1.0,1.0,142.0,63.0,0.4859,0.089,other,30.0,66.0,447.5,0.416,0.571,0.77,0.381,Hyderabad,Hyderabad,3.3,0.0,2192.0,0.284,0.0,0.0,1.0,0.77,0.571,24.003,3528.0,0.0100125,0.05466375,0.1125,0.1125,False,False,True,False,False,False,True,False,False,False,True,False,False,False,False,True,False,False,False,False,False,True,False,False,0.0,0.0
3,1,4256,0.075,0,1,0,0,3,0,6144,1,56.0,1,0,0.0,0.0,1.0,1.0,1.0,142.0,83.0,1.0,0.055,biryani,30.0,66.0,447.5,0.416,0.571,0.77,0.381,Hyderabad,Hyderabad,3.3,0.0,2192.0,0.284,0.3333333333333333,1.0,1.0,0.77,0.571,31.623,4648.0,0.004125,0.075,0.075,0.075,False,False,True,False,False,False,True,False,False,False,True,False,False,False,False,True,False,False,False,False,False,True,False,False,0.0,0.0
3,1,4257,0.075,0,1,0,0,3,0,6144,1,56.0,1,0,0.0,0.0,1.0,1.0,1.0,142.0,50.0,0.4139,0.068,other,30.0,66.0,447.5,0.416,0.571,0.77,0.381,Hyderabad,Hyderabad,3.3,0.0,2192.0,0.284,0.0,0.0,1.0,0.77,0.571,19.05,2800.0,0.0051,0.0310424999999999,0.075,0.075,False,False,True,False,False,False,True,False,False,False,True,False,False,False,False,True,False,False,False,False,False,True,False,False,0.0,0.0
3,1,4258,0.25,1,1,0,0,3,0,6144,1,56.0,1,0,0.0,0.0,1.0,1.0,1.0,142.0,54.0,0.5747,0.209,other,30.0,66.0,447.5,0.416,0.571,0.77,0.381,Hyderabad,Hyderabad,3.3,0.0,2192.0,0.284,0.0,0.0,1.0,0.77,0.571,20.574,3024.0,0.05225,0.143675,0.25,0.25,False,False,True,False,False,False,True,False,False,False,True,False,False,False,False,True,False,False,False,False,False,True,False,False,0.0,0.0
3,1,4259,0.3125,1,1,1,0,3,0,6144,1,56.0,1,0,0.0,0.0,1.0,1.0,1.0,142.0,19.0,1.0,0.547,lassi,30.0,66.0,447.5,0.416,0.571,0.77,0.381,Hyderabad,Hyderabad,3.3,0.0,2192.0,0.284,0.25,1.0,1.0,0.77,0.571,7.239,1064.0,0.1709375,0.3125,0.3125,0.3125,False,False,True,False,True,False,False,False,False,False,True,False,False,False,False,True,False,False,False,False,False,True,False,False,0.77,0.0
3,1,4260,0.2625,0,1,0,0,3,0,6144,1,56.0,1,0,0.0,0.0,1.0,1.0,1.0,142.0,75.0,0.3631,0.233,other,30.0,66.0,447.5,0.416,0.571,0.77,0.381,Hyderabad,Hyderabad,3.3,0.0,2192.0,0.284,0.0,0.0,1.0,0.77,0.571,28.575,4200.0,0.0611625,0.09531375,0.2625,0.2625,False,False,True,False,False,False,True,False,False,False,True,False,False,False,False,True,False,False,False,False,False,True,False,False,0.0,0.0
3,2,4231,0.15,0,1,0,0,3,0,6144,2,73.0,1,1,0.0,0.0,0.0,1.0,1.0,142.0,59.0,0.5127,0.239,other,30.0,66.0,447.5,0.416,0.571,0.77,0.381,Hyderabad,Hyderabad,3.3,0.0,2192.0,0.284,0.0,0.0,0.5,0.0,0.571,22.479,4307.0,0.03585,0.076905,0.0,0.15,True,False,False,False,False,False,True,False,False,False,True,False,False,False,False,True,False,False,False,False,False,True,False,False,0.0,0.0
3,2,4232,0.296795,1,1,0,0,3,0,6144,2,73.0,1,1,0.0,0.0,0.0,1.0,1.0,142.0,82.0,1.0,0.29,curry,30.0,66.0,447.5,0.416,0.571,0.77,0.381,Hyderabad,Hyderabad,3.3,0.0,2192.0,0.284,0.0,0.0,0.5,0.0,0.571,31.242,5986.0,0.0860705499999999,0.296795,0.0,0.296795,True,False,False,False,False,False,True,False,False,False,True,False,False,False,False,True,False,False,False,False,False,True,False,False,0.0,0.0
3,2,4233,0.1625,0,1,1,0,3,0,6144,2,73.0,1,1,0.0,0.0,0.0,1.0,1.0,142.0,21.0,0.8068,0.305,other,30.0,66.0,447.5,0.416,0.571,0.77,0.381,Hyderabad,Hyderabad,3.3,0.0,2192.0,0.284,0.0,0.0,0.5,0.0,0.571,8.001,1533.0,0.0495625,0.131105,0.0,0.1625,True,False,False,False,False,False,False,True,False,False,True,False,False,False,False,True,False,False,False,False,False,True,False,False,0.0,0.0
3,2,4235,0.05,0,0,1,0,3,0,6144,2,73.0,1,1,0.0,0.0,0.0,1.0,1.0,142.0,20.0,0.1983,0.13,other,30.0,66.0,447.5,0.416,0.571,0.77,0.381,Hyderabad,Hyderabad,3.3,0.0,2192.0,0.284,0.0,0.0,0.5,0.0,0.571,7.62,1460.0,0.0065,0.009915,0.0,0.05,True,False,False,False,False,False,False,True,False,False,True,False,False,False,False,True,False,False,False,False,False,True,False,False,0.0,0.0
3,2,4236,0.195192,1,1,1,0,3,0,6144,2,73.0,1,1,0.0,0.0,0.0,1.0,1.0,142.0,25.0,0.1504,0.33,other,30.0,66.0,447.5,0.416,0.571,0.77,0.381,Hyderabad,Hyderabad,3.3,0.0,2192.0,0.284,0.0,0.0,0.5,0.0,0.571,9.525,1825.0,0.06441336,0.0293568768,0.0,0.195192,True,False,False,False,False,True,False,False,False,False,True,False,False,False,False,True,False,False,False,False,False,True,False,False,0.0,0.571
3,2,4237,0.673077,1,1,1,0,3,0,6144,2,73.0,1,1,0.0,0.0,0.0,1.0,1.0,142.0,34.0,0.3877,0.343,other,30.0,66.0,447.5,0.416,0.571,0.77,0.381,Hyderabad,Hyderabad,3.3,0.0,2192.0,0.284,0.0,0.0,0.5,0.0,0.571,12.954,2482.0,0.230865411,0.2609519529,0.0,0.673077,True,False,False,False,False,True,False,False,False,False,True,False,False,False,False,True,False,False,False,False,False,True,False,False,0.0,0.571
3,2,4238,0.410064,1,1,0,0,3,0,6144,2,73.0,1,1,0.0,0.0,0.0,1.0,1.0,142.0,64.0,0.8068,0.193,other,30.0,66.0,447.5,0.416,0.571,0.77,0.381,Hyderabad,Hyderabad,3.3,0.0,2192.0,0.284,0.0,0.0,0.5,0.0,0.571,24.384,4672.0,0.079142352,0.3308396352,0.0,0.410064,True,False,False,False,False,False,True,False,False,False,True,False,False,False,False,True,False,False,False,False,False,True,False,False,0.0,0.0
3,2,4239,0.8625,1,1,1,0,3,0,6144,2,73.0,1,1,0.0,0.0,0.0,1.0,1.0,142.0,34.0,0.5498,0.348,other,30.0,66.0,447.5,0.416,0.571,0.77,0.381,Hyderabad,Hyderabad,3.3,0.0,2192.0,0.284,0.0,0.0,0.5,0.0,0.571,12.954,2482.0,0.30015,0.4742024999999999,0.0,0.8625,True,False,False,False,False,True,False,False,False,False,True,False,False,False,False,True,False,False,False,False,False,True,False,False,0.0,0.571
3,2,4240,0.225,0,1,0,0,3,0,6144,2,73.0,1,1,0.0,0.0,0.0,1.0,1.0,142.0,19.0,1.0,0.499,chai,30.0,66.0,447.5,0.416,0.571,0.77,0.381,Hyderabad,Hyderabad,3.3,0.0,2192.0,0.284,0.0,0.0,0.5,0.0,0.571,7.239,1387.0,0.112275,0.225,0.0,0.225,True,False,False,False,True,False,False,False,False,False,True,False,False,False,False,True,False,False,False,False,False,True,False,False,0.77,0.0
3,2,4242,0.1125,0,1,0,0,3,0,6144,2,73.0,1,1,0.0,0.0,0.0,1.0,1.0,142.0,79.0,1.0,0.156,haleem,30.0,66.0,447.5,0.416,0.571,0.77,0.381,Hyderabad,Hyderabad,3.3,0.0,2192.0,0.284,0.3333333333333333,1.0,0.5,0.0,0.571,30.099,5767.0,0.01755,0.1125,0.0,0.1125,True,False,False,False,False,False,True,False,False,False,True,False,False,False,False,True,False,False,False,False,False,True,False,False,0.0,0.0
3,2,4244,0.216346,1,1,1,0,3,0,6144,2,73.0,1,1,0.0,0.0,0.0,1.0,1.0,142.0,31.0,0.6065,0.219,raita,30.0,66.0,447.5,0.416,0.571,0.77,0.381,Hyderabad,Hyderabad,3.3,0.0,2192.0,0.284,0.0,0.0,0.5,0.0,0.571,11.811,2263.0,0.047379774,0.131213849,0.0,0.216346,True,False,False,False,False,False,False,True,False,False,True,False,False,False,False,True,False,False,False,False,False,True,False,False,0.0,0.0
3,2,4245,0.332692,1,1,0,0,3,0,6144,2,73.0,1,1,0.0,0.0,0.0,1.0,1.0,142.0,18.0,1.0,0.531,chai,30.0,66.0,447.5,0.416,0.571,0.77,0.381,Hyderabad,Hyderabad,3.3,0.0,2192.0,0.284,0.0,0.0,0.5,0.0,0.571,6.8580000000000005,1314.0,0.176659452,0.332692,0.0,0.332692,True,False,False,False,True,False,False,False,False,False,True,False,False,False,False,True,False,False,False,False,False,True,False,False,0.77,0.0
3,2,4246,0.203846,1,1,0,0,3,0,6144,2,73.0,1,1,0.0,0.0,0.0,1.0,1.0,142.0,75.0,0.5296,0.267,other,30.0,66.0,447.5,0.416,0.571,0.77,0.381,Hyderabad,Hyderabad,3.3,0.0,2192.0,0.284,0.0,0.0,0.5,0.0,0.571,28.575,5475.0,0.054426882,0.1079568415999999,0.0,0.203846,True,False,False,False,False,False,True,False,False,False,True,False,False,False,False,True,False,False,False,False,False,True,False,False,0.0,0.0
3,2,4247,0.765064,1,1,0,0,3,0,6144,2,73.0,1,1,0.0,0.0,0.0,1.0,1.0,142.0,26.0,1.0,0.527,other,30.0,66.0,447.5,0.416,0.571,0.77,0.381,Hyderabad,Hyderabad,3.3,0.0,2192.0,0.284,0.25,1.0,0.5,0.0,0.571,9.906,1898.0,0.403188728,0.765064,0.0,0.765064,True,False,False,False,True,False,False,False,False,False,True,False,False,False,False,True,False,False,False,False,False,True,False,False,0.77,0.0
3,2,4248,0.125,0,1,1,0,3,0,6144,2,73.0,1,1,0.0,0.0,0.0,1.0,1.0,142.0,36.0,0.4094,0.325,other,30.0,66.0,447.5,0.416,0.571,0.77,0.381,Hyderabad,Hyderabad,3.3,0.0,2192.0,0.284,0.0,0.0,0.5,0.0,0.571,13.716,2628.0,0.040625,0.051175,0.0,0.125,True,False,False,False,False,False,False,True,False,False,True,False,False,False,False,True,False,False,False,False,False,True,False,False,0.0,0.0
3,2,4249,0.847756,1,1,1,1,3,0,6144,2,73.0,1,1,0.0,0.0,0.0,1.0,1.0,142.0,25.0,0.2614,0.363,other,30.0,66.0,447.5,0.416,0.571,0.77,0.381,Hyderabad,Hyderabad,3.3,0.0,2192.0,0.284,0.0,0.0,0.5,0.0,0.571,9.525,1825.0,0.307735428,0.2216034184,0.0,0.847756,True,False,False,False,False,True,False,False,False,False,True,False,False,False,False,True,False,False,False,False,False,True,False,False,0.0,0.571
3,2,4250,0.146795,1,1,0,0,3,0,6144,2,73.0,1,1,0.0,0.0,0.0,1.0,1.0,142.0,63.0,0.7095,0.118,other,30.0,66.0,447.5,0.416,0.571,0.77,0.381,Hyderabad,Hyderabad,3.3,0.0,2192.0,0.284,0.0,0.0,0.5,0.0,0.571,24.003,4599.0,0.01732181,0.1041510525,0.0,0.146795,True,False,False,False,False,False,True,False,False,False,True,False,False,False,False,True,False,False,False,False,False,True,False,False,0.0,0.0
3,2,4252,0.15,0,1,0,0,3,0,6144,2,73.0,1,1,0.0,0.0,0.0,1.0,1.0,142.0,61.0,0.8068,0.244,other,30.0,66.0,447.5,0.416,0.571,0.77,0.381,Hyderabad,Hyderabad,3.3,0.0,2192.0,0.284,0.0,0.0,0.5,0.0,0.571,23.241,4453.0,0.0366,0.1210199999999999,0.0,0.15,True,False,False,False,False,False,True,False,False,False,True,False,False,False,False,True,False,False,False,False,False,True,False,False,0.0,0.0
3,2,4253,0.360577,1,1,0,0,3,0,6144,2,73.0,1,1,0.0,0.0,0.0,1.0,1.0,142.0,25.0,0.6489,0.555,other,30.0,66.0,447.5,0.416,0.571,0.77,0.381,Hyderabad,Hyderabad,3.3,0.0,2192.0,0.284,0.0,0.0,0.5,0.0,0.571,9.525,1825.0,0.200120235,0.2339784153,0.0,0.360577,True,False,False,False,True,False,False,False,False,False,True,False,False,False,False,True,False,False,False,False,False,True,False,False,0.77,0.0
3,2,4255,0.1125,0,1,0,0,3,0,6144,2,73.0,1,1,0.0,0.0,0.0,1.0,1.0,142.0,63.0,0.4859,0.089,other,30.0,66.0,447.5,0.416,0.571,0.77,0.381,Hyderabad,Hyderabad,3.3,0.0,2192.0,0.284,0.0,0.0,0.5,0.0,0.571,24.003,4599.0,0.0100125,0.05466375,0.0,0.1125,True,False,False,False,False,False,True,False,False,False,True,False,False,False,False,True,False,False,False,False,False,True,False,False,0.0,0.0
3,2,4256,0.075,0,1,0,0,3,0,6144,2,73.0,1,1,0.0,0.0,0.0,1.0,1.0,142.0,83.0,1.0,0.055,biryani,30.0,66.0,447.5,0.416,0.571,0.77,0.381,Hyderabad,Hyderabad,3.3,0.0,2192.0,0.284,0.3333333333333333,1.0,0.5,0.0,0.571,31.623,6059.0,0.004125,0.075,0.0,0.075,True,False,False,False,False,False,True,False,False,False,True,False,False,False,False,True,False,False,False,False,False,True,False,False,0.0,0.0
3,2,4257,0.182692,1,1,0,0,3,0,6144,2,73.0,1,1,0.0,0.0,0.0,1.0,1.0,142.0,50.0,0.4139,0.068,other,30.0,66.0,447.5,0.416,0.571,0.77,0.381,Hyderabad,Hyderabad,3.3,0.0,2192.0,0.284,0.0,0.0,0.5,0.0,0.571,19.05,3650.0,0.012423056,0.0756162188,0.0,0.182692,True,False,False,False,False,False,True,False,False,False,True,False,False,False,False,True,False,False,False,False,False,True,False,False,0.0,0.0
3,2,4258,0.544872,1,1,0,0,3,0,6144,2,73.0,1,1,0.0,0.0,0.0,1.0,1.0,142.0,54.0,0.5747,0.209,other,30.0,66.0,447.5,0.416,0.571,0.77,0.381,Hyderabad,Hyderabad,3.3,0.0,2192.0,0.284,0.0,0.0,0.5,0.0,0.571,20.574,3942.0,0.113878248,0.3131379384,0.0,0.544872,True,False,False,False,False,False,True,False,False,False,True,False,False,False,False,True,False,False,False,False,False,True,False,False,0.0,0.0
3,2,4259,0.220192,1,1,0,0,3,0,6144,2,73.0,1,1,0.0,0.0,0.0,1.0,1.0,142.0,19.0,1.0,0.547,lassi,30.0,66.0,447.5,0.416,0.571,0.77,0.381,Hyderabad,Hyderabad,3.3,0.0,2192.0,0.284,0.25,1.0,0.5,0.0,0.571,7.239,1387.0,0.120445024,0.220192,0.0,0.220192,True,False,False,False,True,False,False,False,False,False,True,False,False,False,False,True,False,False,False,False,False,True,False,False,0.77,0.0
3,2,4260,0.334295,1,1,0,0,3,0,6144,2,73.0,1,1,0.0,0.0,0.0,1.0,1.0,142.0,75.0,0.3631,0.233,other,30.0,66.0,447.5,0.416,0.571,0.77,0.381,Hyderabad,Hyderabad,3.3,0.0,2192.0,0.284,0.0,0.0,0.5,0.0,0.571,28.575,5475.0,0.077890735,0.1213825145,0.0,0.334295,True,False,False,False,False,False,True,False,False,False,True,False,False,False,False,True,False,False,False,False,False,True,False,False,0.0,0.0
4,1,4411,0.064286,0,1,1,0,11,0,9908,1,60.0,1,0,0.0,0.0,1.0,1.0,1.0,148.0,20.0,0.3394,0.262,other,20.0,56.0,666.87,0.542,0.72,0.612,0.248,Delhi,Delhi,3.2,0.0,1373.0,0.292,0.5,1.0,1.0,0.612,0.72,4.96,1200.0,0.0168429319999999,0.0218186683999999,0.064286,0.064286,False,False,True,False,False,False,False,True,False,False,True,False,False,False,False,False,True,False,False,False,False,True,False,False,0.0,0.0
4,1,4412,0.621889,1,1,1,0,11,0,9908,1,60.0,1,0,0.0,0.0,1.0,1.0,1.0,148.0,17.0,1.0,0.527,other,20.0,56.0,666.87,0.542,0.72,0.612,0.248,Delhi,Delhi,3.2,0.0,1373.0,0.292,0.5,1.0,1.0,0.612,0.72,4.216,1020.0,0.327735503,0.621889,0.621889,0.621889,False,False,True,False,True,False,False,False,False,False,True,False,False,False,False,False,True,False,False,False,False,True,False,False,0.612,0.0
4,1,4413,0.064286,0,1,1,0,11,0,9908,1,60.0,1,0,0.0,0.0,1.0,1.0,1.0,148.0,34.0,0.4094,0.19,other,20.0,56.0,666.87,0.542,0.72,0.612,0.248,Delhi,Delhi,3.2,0.0,1373.0,0.292,0.5,1.0,1.0,0.612,0.72,8.432,2040.0,0.0122143399999999,0.0263186883999999,0.064286,0.064286,False,False,True,False,False,False,False,True,False,False,True,False,False,False,False,False,True,False,False,False,False,True,False,False,0.0,0.0
4,1,4414,0.48341,1,1,0,0,11,0,9908,1,60.0,1,0,0.0,0.0,1.0,1.0,1.0,148.0,43.0,0.6065,0.107,other,20.0,56.0,666.87,0.542,0.72,0.612,0.248,Delhi,Delhi,3.2,0.0,1373.0,0.292,0.5,1.0,1.0,0.612,0.72,10.664,2580.0,0.05172487,0.293188165,0.48341,0.48341,False,False,True,False,False,False,True,False,False,False,True,False,False,False,False,False,True,False,False,False,False,True,False,False,0.0,0.0
4,1,4415,0.443779,1,1,0,0,11,0,9908,1,60.0,1,0,0.0,0.0,1.0,1.0,1.0,148.0,67.0,1.0,0.079,other,20.0,56.0,666.87,0.542,0.72,0.612,0.248,Delhi,Delhi,3.2,0.0,1373.0,0.292,0.5,1.0,1.0,0.612,0.72,16.616,4020.0,0.035058541,0.443779,0.443779,0.443779,False,False,True,False,False,False,True,False,False,False,True,False,False,False,False,False,True,False,False,False,False,True,False,False,0.0,0.0
4,1,4416,0.203917,1,1,1,0,11,0,9908,1,60.0,1,0,0.0,0.0,1.0,1.0,1.0,148.0,28.0,1.0,0.17,other,20.0,56.0,666.87,0.542,0.72,0.612,0.248,Delhi,Delhi,3.2,0.0,1373.0,0.292,0.5,1.0,1.0,0.612,0.72,6.944,1680.0,0.03466589,0.203917,0.203917,0.203917,False,False,True,False,False,False,False,True,False,False,True,False,False,False,False,False,True,False,False,False,False,True,False,False,0.0,0.0
4,1,4417,0.141244,1,1,1,0,11,0,9908,1,60.0,1,0,0.0,0.0,1.0,1.0,1.0,148.0,18.0,0.3085,0.554,other,20.0,56.0,666.87,0.542,0.72,0.612,0.248,Delhi,Delhi,3.2,0.0,1373.0,0.292,0.5,1.0,1.0,0.612,0.72,4.464,1080.0,0.078249176,0.043573774,0.141244,0.141244,False,False,True,False,True,False,False,False,False,False,True,False,False,False,False,False,True,False,False,False,False,True,False,False,0.612,0.0
4,1,4418,0.064286,0,1,1,0,11,0,9908,1,60.0,1,0,0.0,0.0,1.0,1.0,1.0,148.0,27.0,0.8068,0.183,other,20.0,56.0,666.87,0.542,0.72,0.612,0.248,Delhi,Delhi,3.2,0.0,1373.0,0.292,0.5,1.0,1.0,0.612,0.72,6.696,1620.0,0.011764338,0.0518659447999999,0.064286,0.064286,False,False,True,False,False,False,False,True,False,False,True,False,False,False,False,False,True,False,False,False,False,True,False,False,0.0,0.0
4,1,4419,0.386406,1,1,1,0,11,0,9908,1,60.0,1,0,0.0,0.0,1.0,1.0,1.0,148.0,26.0,0.6065,0.541,other,20.0,56.0,666.87,0.542,0.72,0.612,0.248,Delhi,Delhi,3.2,0.0,1373.0,0.292,0.5,1.0,1.0,0.612,0.72,6.448,1560.0,0.209045646,0.234355239,0.386406,0.386406,False,False,True,False,True,False,False,False,False,False,True,False,False,False,False,False,True,False,False,False,False,True,False,False,0.612,0.0
4,1,4420,0.028571,0,1,0,0,11,0,9908,1,60.0,1,0,0.0,0.0,1.0,1.0,1.0,148.0,58.0,0.2137,0.184,other,20.0,56.0,666.87,0.542,0.72,0.612,0.248,Delhi,Delhi,3.2,0.0,1373.0,0.292,0.5,1.0,1.0,0.612,0.72,14.384,3480.0,0.005257064,0.0061056227,0.028571,0.028571,False,False,True,False,False,False,True,False,False,False,True,False,False,False,False,False,True,False,False,False,False,True,False,False,0.0,0.0
4,1,4421,0.078571,0,1,1,0,11,0,9908,1,60.0,1,0,0.0,0.0,1.0,1.0,1.0,148.0,23.0,0.5747,0.209,other,20.0,56.0,666.87,0.542,0.72,0.612,0.248,Delhi,Delhi,3.2,0.0,1373.0,0.292,0.5,1.0,1.0,0.612,0.72,5.704,1380.0,0.016421339,0.0451547537,0.078571,0.078571,False,False,True,False,False,False,False,True,False,False,True,False,False,False,False,False,True,False,False,False,False,True,False,False,0.0,0.0
4,1,4422,0.992857,1,1,1,0,11,0,9908,1,60.0,1,0,0.0,0.0,1.0,1.0,1.0,148.0,18.0,1.0,0.518,other,20.0,56.0,666.87,0.542,0.72,0.612,0.248,Delhi,Delhi,3.2,0.0,1373.0,0.292,0.5,1.0,1.0,0.612,0.72,4.464,1080.0,0.514299926,0.992857,0.992857,0.992857,False,False,True,False,True,False,False,False,False,False,True,False,False,False,False,False,True,False,False,False,False,True,False,False,0.612,0.0
4,1,4423,0.662442,1,1,1,1,11,0,9908,1,60.0,1,0,0.0,0.0,1.0,1.0,1.0,148.0,19.0,0.8068,0.507,other,20.0,56.0,666.87,0.542,0.72,0.612,0.248,Delhi,Delhi,3.2,0.0,1373.0,0.292,0.5,1.0,1.0,0.612,0.72,4.712,1140.0,0.335858094,0.5344582055999999,0.662442,0.662442,False,False,True,False,True,False,False,False,False,False,True,False,False,False,False,False,True,False,False,False,False,True,False,False,0.612,0.0
4,1,4424,0.696313,1,1,0,0,11,0,9908,1,60.0,1,0,0.0,0.0,1.0,1.0,1.0,148.0,51.0,1.0,0.098,other,20.0,56.0,666.87,0.542,0.72,0.612,0.248,Delhi,Delhi,3.2,0.0,1373.0,0.292,0.5,1.0,1.0,0.612,0.72,12.648,3060.0,0.068238674,0.696313,0.696313,0.696313,False,False,True,False,False,False,True,False,False,False,True,False,False,False,False,False,True,False,False,False,False,True,False,False,0.0,0.0
4,1,4425,0.189862,1,1,0,0,11,0,9908,1,60.0,1,0,0.0,0.0,1.0,1.0,1.0,148.0,45.0,0.2796,0.16,other,20.0,56.0,666.87,0.542,0.72,0.612,0.248,Delhi,Delhi,3.2,0.0,1373.0,0.292,0.5,1.0,1.0,0.612,0.72,11.16,2700.0,0.03037792,0.0530854152,0.189862,0.189862,False,False,True,False,False,False,True,False,False,False,True,False,False,False,False,False,True,False,False,False,False,True,False,False,0.0,0.0
4,1,4426,0.064286,0,1,1,0,11,0,9908,1,60.0,1,0,0.0,0.0,1.0,1.0,1.0,148.0,32.0,0.6489,0.178,other,20.0,56.0,666.87,0.542,0.72,0.612,0.248,Delhi,Delhi,3.2,0.0,1373.0,0.292,0.5,1.0,1.0,0.612,0.72,7.936,1920.0,0.0114429079999999,0.0417151854,0.064286,0.064286,False,False,True,False,False,False,False,True,False,False,True,False,False,False,False,False,True,False,False,False,False,True,False,False,0.0,0.0
4,1,4428,0.340092,1,1,0,0,11,0,9908,1,60.0,1,0,0.0,0.0,1.0,1.0,1.0,148.0,79.0,0.5498,0.129,other,20.0,56.0,666.87,0.542,0.72,0.612,0.248,Delhi,Delhi,3.2,0.0,1373.0,0.292,0.5,1.0,1.0,0.612,0.72,19.592,4740.0,0.043871868,0.1869825815999999,0.340092,0.340092,False,False,True,False,False,False,True,False,False,False,True,False,False,False,False,False,True,False,False,False,False,True,False,False,0.0,0.0
4,1,4429,0.107143,0,1,1,0,11,0,9908,1,60.0,1,0,0.0,0.0,1.0,1.0,1.0,148.0,29.0,0.6489,0.147,other,20.0,56.0,666.87,0.542,0.72,0.612,0.248,Delhi,Delhi,3.2,0.0,1373.0,0.292,0.5,1.0,1.0,0.612,0.72,7.192,1740.0,0.015750021,0.0695250927,0.107143,0.107143,False,False,True,False,False,False,False,True,False,False,True,False,False,False,False,False,True,False,False,False,False,True,False,False,0.0,0.0
4,1,4430,0.230876,1,1,0,0,11,0,9908,1,60.0,1,0,0.0,0.0,1.0,1.0,1.0,148.0,56.0,1.0,0.046,other,20.0,56.0,666.87,0.542,0.72,0.612,0.248,Delhi,Delhi,3.2,0.0,1373.0,0.292,0.5,1.0,1.0,0.612,0.72,13.888,3360.0,0.010620296,0.230876,0.230876,0.230876,False,False,True,False,False,False,True,False,False,False,True,False,False,False,False,False,True,False,False,False,False,True,False,False,0.0,0.0
4,1,4431,0.304147,1,1,0,0,11,0,9908,1,60.0,1,0,0.0,0.0,1.0,1.0,1.0,148.0,83.0,0.6489,0.048,other,20.0,56.0,666.87,0.542,0.72,0.612,0.248,Delhi,Delhi,3.2,0.0,1373.0,0.292,0.5,1.0,1.0,0.612,0.72,20.584,4980.0,0.014599056,0.1973609883,0.304147,0.304147,False,False,True,False,False,False,True,False,False,False,True,False,False,False,False,False,True,False,False,False,False,True,False,False,0.0,0.0
4,1,4432,0.36129,1,1,0,0,11,0,9908,1,60.0,1,0,0.0,0.0,1.0,1.0,1.0,148.0,75.0,1.0,0.127,other,20.0,56.0,666.87,0.542,0.72,0.612,0.248,Delhi,Delhi,3.2,0.0,1373.0,0.292,0.5,1.0,1.0,0.612,0.72,18.6,4500.0,0.04588383,0.36129,0.36129,0.36129,False,False,True,False,False,False,True,False,False,False,True,False,False,False,False,False,True,False,False,False,False,True,False,False,0.0,0.0
4,1,4433,0.318433,1,1,0,0,11,0,9908,1,60.0,1,0,0.0,0.0,1.0,1.0,1.0,148.0,53.0,0.6065,0.135,kebab,20.0,56.0,666.87,0.542,0.72,0.612,0.248,Delhi,Delhi,3.2,0.0,1373.0,0.292,0.3333333333333333,1.0,1.0,0.612,0.72,13.144,3180.0,0.042988455,0.1931296145,0.318433,0.318433,False,False,True,False,False,False,True,False,False,False,True,False,False,False,False,False,True,False,False,False,False,True,False,False,0.0,0.0
4,1,4434,0.370507,1,1,0,0,11,0,9908,1,60.0,1,0,0.0,0.0,1.0,1.0,1.0,148.0,54.0,0.5747,0.103,other,20.0,56.0,666.87,0.542,0.72,0.612,0.248,Delhi,Delhi,3.2,0.0,1373.0,0.292,0.5,1.0,1.0,0.612,0.72,13.392,3240.0,0.0381622209999999,0.2129303728999999,0.370507,0.370507,False,False,True,False,False,False,True,False,False,False,True,False,False,False,False,False,True,False,False,False,False,True,False,False,0.0,0.0
4,1,4435,0.064286,0,1,1,0,11,0,9908,1,60.0,1,0,0.0,0.0,1.0,1.0,1.0,148.0,38.0,0.5747,0.154,other,20.0,56.0,666.87,0.542,0.72,0.612,0.248,Delhi,Delhi,3.2,0.0,1373.0,0.292,0.5,1.0,1.0,0.612,0.72,9.424,2280.0,0.0099000439999999,0.0369451642,0.064286,0.064286,False,False,True,False,False,False,False,True,False,False,True,False,False,False,False,False,True,False,False,False,False,True,False,False,0.0,0.0
4,1,4436,0.2,0,1,0,0,11,0,9908,1,60.0,1,0,0.0,0.0,1.0,1.0,1.0,148.0,44.0,0.5747,0.113,other,20.0,56.0,666.87,0.542,0.72,0.612,0.248,Delhi,Delhi,3.2,0.0,1373.0,0.292,0.5,1.0,1.0,0.612,0.72,10.912,2640.0,0.0226,0.11494,0.2,0.2,False,False,True,False,False,False,True,False,False,False,True,False,False,False,False,False,True,False,False,False,False,True,False,False,0.0,0.0
4,1,4437,0.723041,1,1,0,0,11,0,9908,1,60.0,1,0,0.0,0.0,1.0,1.0,1.0,148.0,75.0,1.0,0.213,other,20.0,56.0,666.87,0.542,0.72,0.612,0.248,Delhi,Delhi,3.2,0.0,1373.0,0.292,0.5,1.0,1.0,0.612,0.72,18.6,4500.0,0.154007733,0.723041,0.723041,0.723041,False,False,True,False,False,False,True,False,False,False,True,False,False,False,False,False,True,False,False,False,False,True,False,False,0.0,0.0
4,1,4438,0.064286,0,1,1,0,11,0,9908,1,60.0,1,0,0.0,0.0,1.0,1.0,1.0,148.0,21.0,0.8068,0.233,other,20.0,56.0,666.87,0.542,0.72,0.612,0.248,Delhi,Delhi,3.2,0.0,1373.0,0.292,0.5,1.0,1.0,0.612,0.72,5.208,1260.0,0.014978638,0.0518659447999999,0.064286,0.064286,False,False,True,False,False,False,False,True,False,False,True,False,False,False,False,False,True,False,False,False,False,True,False,False,0.0,0.0
4,1,4439,0.388018,1,1,0,0,11,0,9908,1,60.0,1,0,0.0,0.0,1.0,1.0,1.0,148.0,79.0,1.0,0.277,other,20.0,56.0,666.87,0.542,0.72,0.612,0.248,Delhi,Delhi,3.2,0.0,1373.0,0.292,0.5,1.0,1.0,0.612,0.72,19.592,4740.0,0.107480986,0.388018,0.388018,0.388018,False,False,True,False,False,False,True,False,False,False,True,False,False,False,False,False,True,False,False,False,False,True,False,False,0.0,0.0
4,1,4440,0.629954,1,1,0,0,11,0,9908,1,60.0,1,0,0.0,0.0,1.0,1.0,1.0,148.0,69.0,1.0,0.201,other,20.0,56.0,666.87,0.542,0.72,0.612,0.248,Delhi,Delhi,3.2,0.0,1373.0,0.292,0.5,1.0,1.0,0.612,0.72,17.112,4140.0,0.126620754,0.629954,0.629954,0.629954,False,False,True,False,False,False,True,False,False,False,True,False,False,False,False,False,True,False,False,False,False,True,False,False,0.0,0.0
4,2,4411,0.064286,0,1,1,0,11,0,9908,2,79.0,1,1,0.0,0.0,0.0,1.0,1.0,148.0,20.0,0.3394,0.262,other,20.0,56.0,666.87,0.542,0.72,0.612,0.248,Delhi,Delhi,3.2,0.0,1373.0,0.292,0.5,1.0,0.5,0.0,0.72,4.96,1580.0,0.0168429319999999,0.0218186683999999,0.0,0.064286,True,False,False,False,False,False,False,True,False,False,True,False,False,False,False,False,True,False,False,False,False,True,False,False,0.0,0.0
4,2,4412,0.512291,1,1,0,0,11,0,9908,2,79.0,1,1,0.0,0.0,0.0,1.0,1.0,148.0,17.0,1.0,0.527,other,20.0,56.0,666.87,0.542,0.72,0.612,0.248,Delhi,Delhi,3.2,0.0,1373.0,0.292,0.5,1.0,0.5,0.0,0.72,4.216,1343.0,0.269977357,0.512291,0.0,0.512291,True,False,False,False,True,False,False,False,False,False,True,False,False,False,False,False,True,False,False,False,False,True,False,False,0.612,0.0
4,2,4413,0.064286,0,1,1,0,11,0,9908,2,79.0,1,1,0.0,0.0,0.0,1.0,1.0,148.0,34.0,0.4094,0.19,other,20.0,56.0,666.87,0.542,0.72,0.612,0.248,Delhi,Delhi,3.2,0.0,1373.0,0.292,0.5,1.0,0.5,0.0,0.72,8.432,2686.0,0.0122143399999999,0.0263186883999999,0.0,0.064286,True,False,False,False,False,False,False,True,False,False,True,False,False,False,False,False,True,False,False,False,False,True,False,False,0.0,0.0
4,2,4414,0.656873,1,1,0,0,11,0,9908,2,79.0,1,1,0.0,0.0,0.0,1.0,1.0,148.0,43.0,0.6065,0.107,other,20.0,56.0,666.87,0.542,0.72,0.612,0.248,Delhi,Delhi,3.2,0.0,1373.0,0.292,0.5,1.0,0.5,0.0,0.72,10.664,3397.0,0.070285411,0.3983934745,0.0,0.656873,True,False,False,False,False,False,True,False,False,False,True,False,False,False,False,False,True,False,False,False,False,True,False,False,0.0,0.0
4,2,4415,0.555526,1,1,0,1,11,0,9908,2,79.0,1,1,0.0,0.0,0.0,1.0,1.0,148.0,67.0,1.0,0.079,other,20.0,56.0,666.87,0.542,0.72,0.612,0.248,Delhi,Delhi,3.2,0.0,1373.0,0.292,0.5,1.0,0.5,0.0,0.72,16.616,5293.0,0.0438865539999999,0.555526,0.0,0.555526,True,False,False,False,False,False,True,False,False,False,True,False,False,False,False,False,True,False,False,False,False,True,False,False,0.0,0.0
4,2,4416,0.186388,1,1,1,0,11,0,9908,2,79.0,1,1,0.0,0.0,0.0,1.0,1.0,148.0,28.0,1.0,0.17,other,20.0,56.0,666.87,0.542,0.72,0.612,0.248,Delhi,Delhi,3.2,0.0,1373.0,0.292,0.5,1.0,0.5,0.0,0.72,6.944,2212.0,0.03168596,0.186388,0.0,0.186388,True,False,False,False,False,False,False,True,False,False,True,False,False,False,False,False,True,False,False,False,False,True,False,False,0.0,0.0
4,2,4417,0.08248,1,1,0,0,11,0,9908,2,79.0,1,1,0.0,0.0,0.0,1.0,1.0,148.0,18.0,0.3085,0.554,other,20.0,56.0,666.87,0.542,0.72,0.612,0.248,Delhi,Delhi,3.2,0.0,1373.0,0.292,0.5,1.0,0.5,0.0,0.72,4.464,1422.0,0.04569392,0.02544508,0.0,0.08248,True,False,False,False,True,False,False,False,False,False,True,False,False,False,False,False,True,False,False,False,False,True,False,False,0.612,0.0
4,2,4418,0.064286,0,1,1,0,11,0,9908,2,79.0,1,1,0.0,0.0,0.0,1.0,1.0,148.0,27.0,0.8068,0.183,other,20.0,56.0,666.87,0.542,0.72,0.612,0.248,Delhi,Delhi,3.2,0.0,1373.0,0.292,0.5,1.0,0.5,0.0,0.72,6.696,2133.0,0.011764338,0.0518659447999999,0.0,0.064286,True,False,False,False,False,False,False,True,False,False,True,False,False,False,False,False,True,False,False,False,False,True,False,False,0.0,0.0
4,2,4419,0.301348,1,1,0,0,11,0,9908,2,79.0,1,1,0.0,0.0,0.0,1.0,1.0,148.0,26.0,0.6065,0.541,other,20.0,56.0,666.87,0.542,0.72,0.612,0.248,Delhi,Delhi,3.2,0.0,1373.0,0.292,0.5,1.0,0.5,0.0,0.72,6.448,2054.0,0.163029268,0.182767562,0.0,0.301348,True,False,False,False,True,False,False,False,False,False,True,False,False,False,False,False,True,False,False,False,False,True,False,False,0.612,0.0
4,2,4420,0.028571,0,1,0,0,11,0,9908,2,79.0,1,1,0.0,0.0,0.0,1.0,1.0,148.0,58.0,0.2137,0.184,other,20.0,56.0,666.87,0.542,0.72,0.612,0.248,Delhi,Delhi,3.2,0.0,1373.0,0.292,0.5,1.0,0.5,0.0,0.72,14.384,4582.0,0.005257064,0.0061056227,0.0,0.028571,True,False,False,False,False,False,True,False,False,False,True,False,False,False,False,False,True,False,False,False,False,True,False,False,0.0,0.0
4,2,4421,0.078571,0,1,1,0,11,0,9908,2,79.0,1,1,0.0,0.0,0.0,1.0,1.0,148.0,23.0,0.5747,0.209,other,20.0,56.0,666.87,0.542,0.72,0.612,0.248,Delhi,Delhi,3.2,0.0,1373.0,0.292,0.5,1.0,0.5,0.0,0.72,5.704,1817.0,0.016421339,0.0451547537,0.0,0.078571,True,False,False,False,False,False,False,True,False,False,True,False,False,False,False,False,True,False,False,False,False,True,False,False,0.0,0.0
4,2,4422,0.816065,1,1,0,0,11,0,9908,2,79.0,1,1,0.0,0.0,0.0,1.0,1.0,148.0,18.0,1.0,0.518,other,20.0,56.0,666.87,0.542,0.72,0.612,0.248,Delhi,Delhi,3.2,0.0,1373.0,0.292,0.5,1.0,0.5,0.0,0.72,4.464,1422.0,0.42272167,0.816065,0.0,0.816065,True,False,False,False,True,False,False,False,False,False,True,False,False,False,False,False,True,False,False,False,False,True,False,False,0.612,0.0
4,2,4424,0.875741,1,1,0,0,11,0,9908,2,79.0,1,1,0.0,0.0,0.0,1.0,1.0,148.0,51.0,1.0,0.098,other,20.0,56.0,666.87,0.542,0.72,0.612,0.248,Delhi,Delhi,3.2,0.0,1373.0,0.292,0.5,1.0,0.5,0.0,0.72,12.648,4029.0,0.085822618,0.875741,0.0,0.875741,True,False,False,False,False,False,True,False,False,False,True,False,False,False,False,False,True,False,False,False,False,True,False,False,0.0,0.0
4,2,4425,0.160647,1,1,0,0,11,0,9908,2,79.0,1,1,0.0,0.0,0.0,1.0,1.0,148.0,45.0,0.2796,0.16,other,20.0,56.0,666.87,0.542,0.72,0.612,0.248,Delhi,Delhi,3.2,0.0,1373.0,0.292,0.5,1.0,0.5,0.0,0.72,11.16,3555.0,0.02570352,0.0449169012,0.0,0.160647,True,False,False,False,False,False,True,False,False,False,True,False,False,False,False,False,True,False,False,False,False,True,False,False,0.0,0.0
4,2,4426,0.064286,0,1,1,0,11,0,9908,2,79.0,1,1,0.0,0.0,0.0,1.0,1.0,148.0,32.0,0.6489,0.178,other,20.0,56.0,666.87,0.542,0.72,0.612,0.248,Delhi,Delhi,3.2,0.0,1373.0,0.292,0.5,1.0,0.5,0.0,0.72,7.936,2528.0,0.0114429079999999,0.0417151854,0.0,0.064286,True,False,False,False,False,False,False,True,False,False,True,False,False,False,False,False,True,False,False,False,False,True,False,False,0.0,0.0
4,2,4428,0.378437,1,1,0,0,11,0,9908,2,79.0,1,1,0.0,0.0,0.0,1.0,1.0,148.0,79.0,0.5498,0.129,other,20.0,56.0,666.87,0.542,0.72,0.612,0.248,Delhi,Delhi,3.2,0.0,1373.0,0.292,0.5,1.0,0.5,0.0,0.72,19.592,6241.0,0.048818373,0.2080646626,0.0,0.378437,True,False,False,False,False,False,True,False,False,False,True,False,False,False,False,False,True,False,False,False,False,True,False,False,0.0,0.0
4,2,4429,0.107143,0,1,1,0,11,0,9908,2,79.0,1,1,0.0,0.0,0.0,1.0,1.0,148.0,29.0,0.6489,0.147,other,20.0,56.0,666.87,0.542,0.72,0.612,0.248,Delhi,Delhi,3.2,0.0,1373.0,0.292,0.5,1.0,0.5,0.0,0.72,7.192,2291.0,0.015750021,0.0695250927,0.0,0.107143,True,False,False,False,False,False,False,True,False,False,True,False,False,False,False,False,True,False,False,False,False,True,False,False,0.0,0.0
4,2,4430,0.349865,1,1,0,0,11,0,9908,2,79.0,1,1,0.0,0.0,0.0,1.0,1.0,148.0,56.0,1.0,0.046,other,20.0,56.0,666.87,0.542,0.72,0.612,0.248,Delhi,Delhi,3.2,0.0,1373.0,0.292,0.5,1.0,0.5,0.0,0.72,13.888,4424.0,0.01609379,0.349865,0.0,0.349865,True,False,False,False,False,False,True,False,False,False,True,False,False,False,False,False,True,False,False,False,False,True,False,False,0.0,0.0
4,2,4431,0.512668,1,1,0,0,11,0,9908,2,79.0,1,1,0.0,0.0,0.0,1.0,1.0,148.0,83.0,0.6489,0.048,other,20.0,56.0,666.87,0.542,0.72,0.612,0.248,Delhi,Delhi,3.2,0.0,1373.0,0.292,0.5,1.0,0.5,0.0,0.72,20.584,6557.0,0.024608064,0.3326702652,0.0,0.512668,True,False,False,False,False,False,True,False,False,False,True,False,False,False,False,False,True,False,False,False,False,True,False,False,0.0,0.0
4,2,4432,0.443019,1,1,0,0,11,0,9908,2,79.0,1,1,0.0,0.0,0.0,1.0,1.0,148.0,75.0,1.0,0.127,other,20.0,56.0,666.87,0.542,0.72,0.612,0.248,Delhi,Delhi,3.2,0.0,1373.0,0.292,0.5,1.0,0.5,0.0,0.72,18.6,5925.0,0.056263413,0.443019,0.0,0.443019,True,False,False,False,False,False,True,False,False,False,True,False,False,False,False,False,True,False,False,False,False,True,False,False,0.0,0.0
4,2,4433,0.447709,1,1,0,0,11,0,9908,2,79.0,1,1,0.0,0.0,0.0,1.0,1.0,148.0,53.0,0.6065,0.135,kebab,20.0,56.0,666.87,0.542,0.72,0.612,0.248,Delhi,Delhi,3.2,0.0,1373.0,0.292,0.3333333333333333,1.0,0.5,0.0,0.72,13.144,4187.0,0.060440715,0.2715355085,0.0,0.447709,True,False,False,False,False,False,True,False,False,False,True,False,False,False,False,False,True,False,False,False,False,True,False,False,0.0,0.0
4,2,4434,0.45876,1,1,0,0,11,0,9908,2,79.0,1,1,0.0,0.0,0.0,1.0,1.0,148.0,54.0,0.5747,0.103,other,20.0,56.0,666.87,0.542,0.72,0.612,0.248,Delhi,Delhi,3.2,0.0,1373.0,0.292,0.5,1.0,0.5,0.0,0.72,13.392,4266.0,0.04725228,0.263649372,0.0,0.45876,True,False,False,False,False,False,True,False,False,False,True,False,False,False,False,False,True,False,False,False,False,True,False,False,0.0,0.0
4,2,4435,0.064286,0,1,1,0,11,0,9908,2,79.0,1,1,0.0,0.0,0.0,1.0,1.0,148.0,38.0,0.5747,0.154,other,20.0,56.0,666.87,0.542,0.72,0.612,0.248,Delhi,Delhi,3.2,0.0,1373.0,0.292,0.5,1.0,0.5,0.0,0.72,9.424,3002.0,0.0099000439999999,0.0369451642,0.0,0.064286,True,False,False,False,False,False,False,True,False,False,True,False,False,False,False,False,True,False,False,False,False,True,False,False,0.0,0.0
4,2,4436,0.2,0,1,0,0,11,0,9908,2,79.0,1,1,0.0,0.0,0.0,1.0,1.0,148.0,44.0,0.5747,0.113,other,20.0,56.0,666.87,0.542,0.72,0.612,0.248,Delhi,Delhi,3.2,0.0,1373.0,0.292,0.5,1.0,0.5,0.0,0.72,10.912,3476.0,0.0226,0.11494,0.0,0.2,True,False,False,False,False,False,True,False,False,False,True,False,False,False,False,False,True,False,False,False,False,True,False,False,0.0,0.0
4,2,4437,0.971429,1,1,0,0,11,0,9908,2,79.0,1,1,0.0,0.0,0.0,1.0,1.0,148.0,75.0,1.0,0.213,other,20.0,56.0,666.87,0.542,0.72,0.612,0.248,Delhi,Delhi,3.2,0.0,1373.0,0.292,0.5,1.0,0.5,0.0,0.72,18.6,5925.0,0.2069143769999999,0.971429,0.0,0.971429,True,False,False,False,False,False,True,False,False,False,True,False,False,False,False,False,True,False,False,False,False,True,False,False,0.0,0.0
4,2,4438,0.064286,0,1,1,0,11,0,9908,2,79.0,1,1,0.0,0.0,0.0,1.0,1.0,148.0,21.0,0.8068,0.233,other,20.0,56.0,666.87,0.542,0.72,0.612,0.248,Delhi,Delhi,3.2,0.0,1373.0,0.292,0.5,1.0,0.5,0.0,0.72,5.208,1659.0,0.014978638,0.0518659447999999,0.0,0.064286,True,False,False,False,False,False,False,True,False,False,True,False,False,False,False,False,True,False,False,False,False,True,False,False,0.0,0.0
4,2,4439,0.573046,1,1,0,0,11,0,9908,2,79.0,1,1,0.0,0.0,0.0,1.0,1.0,148.0,79.0,1.0,0.277,other,20.0,56.0,666.87,0.542,0.72,0.612,0.248,Delhi,Delhi,3.2,0.0,1373.0,0.292,0.5,1.0,0.5,0.0,0.72,19.592,6241.0,0.158733742,0.573046,0.0,0.573046,True,False,False,False,False,False,True,False,False,False,True,False,False,False,False,False,True,False,False,False,False,True,False,False,0.0,0.0
4,2,4440,0.639084,1,1,0,0,11,0,9908,2,79.0,1,1,0.0,0.0,0.0,1.0,1.0,148.0,69.0,1.0,0.201,other,20.0,56.0,666.87,0.542,0.72,0.612,0.248,Delhi,Delhi,3.2,0.0,1373.0,0.292,0.5,1.0,0.5,0.0,0.72,17.112,5451.0,0.128455884,0.639084,0.0,0.639084,True,False,False,False,False,False,True,False,False,False,True,False,False,False,False,False,True,False,False,False,False,True,False,False,0.0,0.0
5,1,1831,0.05,0,0,1,0,12,0,714,1,108.0,1,0,0.0,0.0,1.0,1.0,1.0,62.0,64.0,0.4139,0.209,other,52.0,58.0,661.99,0.677,0.795,0.642,0.284,Delhi,Delhi,3.9,0.0,2324.0,0.326,0.5,1.0,1.0,0.642,0.795,18.176,6912.0,0.01045,0.020695,0.05,0.05,False,False,True,False,False,False,False,True,False,True,False,False,False,False,False,False,False,True,False,False,False,False,True,False,0.0,0.0
5,1,1832,1.05,1,1,1,0,12,0,714,1,108.0,1,0,0.0,0.0,1.0,1.0,1.0,62.0,52.0,0.7095,0.573,other,52.0,58.0,661.99,0.677,0.795,0.642,0.284,Delhi,Delhi,3.9,0.0,2324.0,0.326,0.5,1.0,1.0,0.642,0.795,14.768,5616.0,0.60165,0.744975,1.05,1.05,False,False,True,False,True,False,False,False,False,True,False,False,False,False,False,False,False,True,False,False,False,False,True,False,0.642,0.0
5,1,1833,0.05,0,0,1,0,12,0,714,1,108.0,1,0,0.0,0.0,1.0,1.0,1.0,62.0,67.0,0.1657,0.197,other,52.0,58.0,661.99,0.677,0.795,0.642,0.284,Delhi,Delhi,3.9,0.0,2324.0,0.326,0.5,1.0,1.0,0.642,0.795,19.028,7236.0,0.00985,0.0082849999999999,0.05,0.05,False,False,True,False,False,False,False,True,False,True,False,False,False,False,False,False,False,True,False,False,False,False,True,False,0.0,0.0
5,1,1834,0.152795,1,1,0,0,12,0,714,1,108.0,1,0,0.0,0.0,1.0,1.0,1.0,62.0,198.0,1.0,0.098,other,52.0,58.0,661.99,0.677,0.795,0.642,0.284,Delhi,Delhi,3.9,0.0,2324.0,0.326,0.5,1.0,1.0,0.642,0.795,56.23199999999999,21384.0,0.01497391,0.152795,0.152795,0.152795,False,False,True,False,False,False,True,False,False,True,False,False,False,False,False,False,False,True,False,False,False,False,True,False,0.0,0.0
5,1,1835,0.219876,1,1,0,0,12,0,714,1,108.0,1,0,0.0,0.0,1.0,1.0,1.0,62.0,182.0,1.0,0.139,other,52.0,58.0,661.99,0.677,0.795,0.642,0.284,Delhi,Delhi,3.9,0.0,2324.0,0.326,0.5,1.0,1.0,0.642,0.795,51.688,19656.0,0.030562764,0.219876,0.219876,0.219876,False,False,True,False,False,False,True,False,False,True,False,False,False,False,False,False,False,True,False,False,False,False,True,False,0.0,0.0
5,1,1836,0.207453,1,1,1,0,12,0,714,1,108.0,1,0,0.0,0.0,1.0,1.0,1.0,62.0,63.0,1.0,0.328,other,52.0,58.0,661.99,0.677,0.795,0.642,0.284,Delhi,Delhi,3.9,0.0,2324.0,0.326,0.5,1.0,1.0,0.642,0.795,17.892,6804.0,0.068044584,0.207453,0.207453,0.207453,False,False,True,False,False,True,False,False,False,True,False,False,False,False,False,False,False,True,False,False,False,False,True,False,0.0,0.795
5,1,1837,0.064286,0,1,1,0,12,0,714,1,108.0,1,0,0.0,0.0,1.0,1.0,1.0,62.0,60.0,0.3235,0.288,other,52.0,58.0,661.99,0.677,0.795,0.642,0.284,Delhi,Delhi,3.9,0.0,2324.0,0.326,0.5,1.0,1.0,0.642,0.795,17.04,6480.0,0.0185143679999999,0.020796521,0.064286,0.064286,False,False,True,False,False,False,False,True,False,True,False,False,False,False,False,False,False,True,False,False,False,False,True,False,0.0,0.0
5,1,1838,0.134161,1,1,0,0,12,0,714,1,108.0,1,0,0.0,0.0,1.0,1.0,1.0,62.0,125.0,0.4566,0.27,other,52.0,58.0,661.99,0.677,0.795,0.642,0.284,Delhi,Delhi,3.9,0.0,2324.0,0.326,0.5,1.0,1.0,0.642,0.795,35.5,13500.0,0.03622347,0.0612579126,0.134161,0.134161,False,False,True,False,False,False,True,False,False,True,False,False,False,False,False,False,False,True,False,False,False,False,True,False,0.0,0.0
5,1,1839,0.085714,0,1,0,0,12,0,714,1,108.0,1,0,0.0,0.0,1.0,1.0,1.0,62.0,178.0,1.0,0.039,other,52.0,58.0,661.99,0.677,0.795,0.642,0.284,Delhi,Delhi,3.9,0.0,2324.0,0.326,0.5,1.0,1.0,0.642,0.795,50.55199999999999,19224.0,0.003342846,0.085714,0.085714,0.085714,False,False,True,False,False,False,True,False,False,True,False,False,False,False,False,False,False,True,False,False,False,False,True,False,0.0,0.0
5,1,1840,0.146584,1,1,0,0,12,0,714,1,108.0,1,0,0.0,0.0,1.0,1.0,1.0,62.0,161.0,1.0,0.094,other,52.0,58.0,661.99,0.677,0.795,0.642,0.284,Delhi,Delhi,3.9,0.0,2324.0,0.326,0.5,1.0,1.0,0.642,0.795,45.724,17388.0,0.0137788959999999,0.146584,0.146584,0.146584,False,False,True,False,False,False,True,False,False,True,False,False,False,False,False,False,False,True,False,False,False,False,True,False,0.0,0.0
5,1,1841,0.096584,1,1,0,0,12,0,714,1,108.0,1,0,0.0,0.0,1.0,1.0,1.0,62.0,201.0,0.4749,0.084,other,52.0,58.0,661.99,0.677,0.795,0.642,0.284,Delhi,Delhi,3.9,0.0,2324.0,0.326,0.5,1.0,1.0,0.642,0.795,57.084,21708.0,0.008113056,0.0458677416,0.096584,0.096584,False,False,True,False,False,False,True,False,False,True,False,False,False,False,False,False,False,True,False,False,False,False,True,False,0.0,0.0
5,1,1842,0.064286,0,1,1,0,12,0,714,1,108.0,1,0,0.0,0.0,1.0,1.0,1.0,62.0,68.0,0.3976,0.253,other,52.0,58.0,661.99,0.677,0.795,0.642,0.284,Delhi,Delhi,3.9,0.0,2324.0,0.326,0.5,1.0,1.0,0.642,0.795,19.312,7344.0,0.016264358,0.0255601136,0.064286,0.064286,False,False,True,False,False,True,False,False,False,True,False,False,False,False,False,False,False,True,False,False,False,False,True,False,0.0,0.795
